"","INPUT_FID","NEAR_FID","DISTANCE"
"7",50,403,13348.24779
"24",172,173,17159.74694
"32",41,42,18228.5189
"40",167,174,18963.07163
"43",24,26,19133.01371
"52",164,166,20275.82738
"65",152,153,21159.24411
"68",27,28,21300.41071
"80",159,162,22582.16901
"84",148,150,22659.93854
"89",21,23,22985.84773
"91",28,29,23022.82708
"92",32,394,23484.30046
"97",166,168,23913.06447
"111",22,25,24887.38648
"116",23,148,25249.09014
"132",164,165,26002.80688
"134",29,30,26088.61776
"138",177,191,26293.08767
"153",27,29,27507.88746
"156",191,192,27660.01961
"157",160,161,27894.65457
"164",53,157,28029.7149
"190",176,193,29111.69878
"191",149,151,29123.28138
"192",59,61,29218.94899
"195",156,158,29287.21253
"201",178,190,29666.09558
"203",167,171,29755.36881
"206",161,398,29943.18157
"213",156,160,30459.34841
"229",28,42,31155.13068
"240",178,191,31571.38141
"241",23,26,31615.21951
"258",149,150,32287.3407
"271",21,22,32856.86337
"305",25,27,33902.87589
"315",26,149,34524.37084
"337",170,393,35464.27711
"346",50,177,35854.76545
"360",151,152,36311.10602
"370",24,27,36724.48738
"379",192,203,37040.38983
"393",31,394,37454.99141
"412",175,211,37999.07526
"413",196,208,38032.60582
"420",51,52,38177.57776
"445",169,170,39107.80634
"458",178,203,39525.06804
"469",173,174,39863.6029
"475",27,42,40076.80951
"483",158,163,40204.965
"484",164,168,40220.77808
"487",159,165,40279.58427
"492",51,175,40472.22828
"494",51,177,40601.14478
"495",168,174,40610.07252
"497",156,157,40660.84339
"499",153,155,40673.52203
"509",170,171,41058.46215
"511",165,166,41076.73985
"514",166,167,41268.58424
"519",23,150,41528.81514
"528",24,25,41799.60947
"529",177,211,41808.63317
"530",22,24,41833.09975
"531",175,194,41860.16519
"534",158,162,41992.69665
"544",170,392,42299.02189
"550",162,163,42487.56162
"551",166,174,42504.595
"553",31,169,42544.33114
"555",50,191,42568.44541
"557",178,192,42608.15341
"559",172,174,42626.26849
"561",193,195,42706.01779
"571",158,160,42914.7294
"587",43,173,43381.14836
"599",26,150,43624.49804
"600",171,174,43630.27745
"602",26,148,43737.11339
"621",28,41,44432.684
"623",392,393,44488.92808
"636",55,61,44837.1888
"639",152,154,44889.28426
"648",171,392,45090.41303
"653",24,42,45265.52561
"658",23,24,45348.55094
"664",177,192,45492.33844
"670",41,398,45649.21362
"683",21,26,45997.37932
"688",21,148,46155.24859
"690",162,165,46179.62231
"707",165,169,46631.37275
"718",59,208,46913.78845
"725",22,23,47042.62443
"726",52,54,47082.64222
"731",41,151,47155.6936
"732",177,403,47185.89828
"740",50,51,47411.20151
"752",24,149,47805.97589
"763",176,211,47996.93299
"772",154,155,48285.8058
"775",51,403,48464.52269
"779",28,30,48604.7837
"788",22,26,48950.53321
"796",149,152,49235.53913
"799",148,149,49308.08597
"800",52,53,49364.73716
"802",154,156,49411.02773
"804",167,168,49497.25395
"806",194,195,49504.98377
"821",42,151,49905.81849
"827",53,158,50200.11007
"838",192,211,50513.42478
"842",25,29,50621.04002
"852",159,398,51000.09314
"854",160,398,51009.80467
"855",157,158,51010.11232
"869",24,28,51395.71617
"872",27,30,51473.79348
"888",31,159,51726.39625
"896",152,155,52056.93034
"899",21,24,52111.21257
"901",157,403,52147.78465
"907",191,203,52241.01736
"912",160,162,52344.19926
"921",151,153,52446.19169
"924",162,164,52554.41552
"940",175,177,52900.80892
"953",22,27,53345.70076
"972",190,203,53727.05765
"976",32,395,53803.86961
"979",154,160,53846.70001
"981",196,212,53860.82587
"982",61,208,53912.21762
"1000",29,42,54116.66845
"1005",195,204,54311.85639
"1014",191,211,54515.84765
"1019",153,154,54695.34526
"1022",31,165,54731.2287
"1025",25,28,54762.5263
"1026",23,149,54780.69688
"1033",149,153,54891.24111
"1039",167,172,55095.04798
"1054",179,190,55422.77899
"1066",159,160,55688.67136
"1070",50,178,55697.89798
"1074",26,27,55802.58284
"1078",53,156,55844.61669
"1085",191,403,55915.68559
"1087",194,204,55964.10174
"1089",41,161,56053.07273
"1094",26,151,56141.68224
"1098",43,172,56161.70136
"1102",177,178,56315.00372
"1113",167,173,56560.92665
"1117",26,42,56640.57649
"1129",21,25,56904.06864
"1130",25,26,56906.77158
"1137",194,211,57043.05487
"1138",194,212,57047.21425
"1139",156,161,57064.10473
"1147",164,167,57246.89837
"1151",159,164,57334.04577
"1154",27,41,57385.74916
"1155",55,208,57397.99915
"1163",163,164,57541.51092
"1164",54,55,57550.51221
"1194",55,196,58311.34795
"1212",31,32,58812.28273
"1229",175,212,59082.0756
"1259",150,151,59956.75184
"1261",42,149,59966.36856
"1267",31,398,60062.11471
"1271",171,172,60173.50167
"1281",169,171,60380.60202
"1286",151,161,60554.42478
"1289",159,161,60578.12455
"1290",51,211,60581.95391
"1294",55,212,60672.82948
"1299",190,191,60725.87549
"1306",158,159,60890.18113
"1312",154,161,60999.81045
"1324",150,153,61364.37393
"1337",167,170,61573.0754
"1346",24,151,61720.64562
"1351",24,41,61896.02152
"1357",164,174,61958.22407
"1361",24,148,62019.77667
"1375",156,162,62441.40395
"1379",167,169,62520.84655
"1381",24,150,62573.08914
"1387",193,194,62712.85835
"1407",196,204,63308.88175
"1417",42,398,63624.55383
"1432",25,30,63989.53147
"1438",52,157,64049.57137
"1449",24,29,64210.02741
"1450",165,168,64266.86331
"1451",165,167,64289.41872
"1453",193,211,64311.65994
"1456",21,150,64443.0404
"1458",159,163,64498.30125
"1479",168,173,64921.59767
"1492",53,163,65161.40974
"1500",50,157,65453.49023
"1506",41,149,65549.03046
"1509",394,398,65599.09502
"1525",53,54,66031.24539
"1527",51,191,66051.20919
"1529",52,175,66055.23133
"1538",164,169,66193.0782
"1546",176,192,66469.45209
"1559",154,157,66662.76142
"1560",150,152,66672.38335
"1562",23,25,66696.15915
"1577",169,393,66948.8368
"1579",162,398,66977.77143
"1580",29,41,67015.64151
"1583",178,403,67059.3151
"1589",52,403,67202.45772
"1590",161,162,67208.54617
"1608",55,59,67628.55427
"1624",152,161,68003.24104
"1669",26,28,69121.85249
"1672",166,171,69212.49936
"1679",171,173,69321.40616
"1683",176,195,69387.47818
"1687",53,403,69435.06731
"1689",156,163,69460.53169
"1693",163,165,69579.64791
"1702",166,169,69756.7752
"1708",158,161,69897.13036
"1720",50,192,70064.01246
"1739",25,42,70488.22829
"1741",26,41,70531.88213
"1742",190,192,70532.94389
"1748",171,393,70635.2451
"1756",204,212,70825.39435
"1764",157,160,71077.90227
"1766",169,394,71136.50826
"1784",155,190,71724.91365
"1787",151,154,71808.27992
"1792",52,212,71852.47864
"1798",163,166,71986.52361
"1805",22,148,72202.30319
"1819",159,169,72431.76215
"1830",176,194,72571.40881
"1843",162,166,72745.97828
"1848",151,398,72878.09625
"1855",50,52,73141.77428
"1871",54,212,73353.18988
"1874",42,161,73369.0081
"1882",30,32,73494.71679
"1884",31,162,73517.06342
"1888",50,190,73600.8715
"1914",29,32,74092.81033
"1936",22,29,74518.69855
"1939",22,28,74558.06777
"1940",51,53,74600.25615
"1945",167,392,74839.99849
"1947",394,395,74870.48156
"1955",156,159,74988.72541
"1969",165,174,75368.43236
"1973",21,149,75519.8375
"1977",51,157,75586.71868
"1981",28,32,75633.17577
"1996",168,172,75825.41356
"2010",41,394,76089.82738
"2039",175,191,76722.47116
"2041",163,168,76764.58175
"2048",159,166,76949.14978
"2060",177,203,77212.6908
"2070",50,211,77425.0351
"2078",31,170,77587.104
"2079",166,173,77623.97611
"2083",28,394,77681.38991
"2084",160,163,77686.42612
"2101",52,177,78042.91861
"2104",51,212,78061.48996
"2120",148,151,78398.94738
"2129",154,158,78554.13578
"2135",43,174,78655.66267
"2141",152,160,78780.01482
"2146",21,27,78883.55873
"2149",27,149,78904.04579
"2169",168,171,79235.28822
"2175",175,176,79299.9996
"2176",50,175,79301.0036
"2182",23,27,79388.7246
"2198",30,42,79729.21324
"2199",170,174,79742.18621
"2207",61,196,79825.41649
"2217",41,152,79991.43092
"2230",28,151,80218.10146
"2246",169,392,80532.75875
"2250",157,163,80586.38309
"2256",31,164,80723.05133
"2261",169,174,80790.0915
"2262",165,170,80805.04641
"2299",156,398,81394.67079
"2306",165,171,81511.51584
"2311",50,53,81620.05792
"2317",190,403,81748.69944
"2325",51,194,81876.60513
"2338",164,171,82048.76587
"2340",27,151,82055.35912
"2351",23,151,82240.19759
"2358",159,394,82462.47453
"2360",59,196,82496.99274
"2362",151,160,82509.86188
"2363",22,42,82525.80032
"2391",29,394,82900.14882
"2394",28,398,82999.86118
"2404",26,29,83243.43383
"2409",192,403,83402.80418
"2410",154,403,83407.97108
"2414",22,149,83473.39961
"2417",26,152,83488.11155
"2420",175,192,83545.06586
"2426",178,179,83589.00049
"2430",51,54,83612.29528
"2438",148,153,83782.16251
"2444",177,190,83846.658
"2454",41,160,83937.53547
"2457",42,394,83985.38068
"2484",166,172,84363.82258
"2493",53,160,84491.32183
"2498",28,149,84647.98475
"2501",22,150,84682.67453
"2502",178,211,84699.34994
"2505",175,193,84724.77854
"2510",175,403,84789.66177
"2525",208,212,85073.84554
"2534",176,177,85177.43752
"2536",32,169,85224.41419
"2547",51,192,85377.50047
"2552",393,395,85518.14168
"2567",42,152,85751.09983
"2573",155,179,85842.10582
"2574",158,398,85843.24404
"2580",158,164,85975.10214
"2589",195,211,86043.9683
"2595",156,403,86126.62539
"2597",32,398,86162.67473
"2598",155,403,86163.39949
"2622",176,191,86557.90507
"2633",165,398,86714.20328
"2639",158,165,86855.22833
"2641",32,41,86916.92843
"2642",31,161,86918.72587
"2651",43,168,86985.73234
"2670",203,211,87247.21735
"2680",174,392,87477.12933
"2689",24,30,87673.15077
"2691",162,169,87747.01433
"2696",211,403,87797.95027
"2711",23,42,87953.12143
"2727",175,195,88122.41096
"2738",151,155,88334.81438
"2750",152,156,88476.16973
"2758",25,41,88642.78055
"2765",153,161,88785.60879
"2767",30,394,88837.31378
"2768",26,153,88850.63008
"2769",22,30,88853.43663
"2771",30,395,88881.84462
"2774",166,170,88954.38366
"2776",162,168,89055.20315
"2780",148,152,89141.06381
"2782",42,150,89210.66748
"2786",50,155,89245.65706
"2789",25,149,89375.91264
"2796",172,392,89485.76621
"2807",149,161,89662.06685
"2816",53,162,89805.28063
"2819",155,178,89837.39194
"2822",177,194,89851.79114
"2828",179,203,90028.41649
"2845",32,42,90318.96642
"2857",50,203,90536.28543
"2866",25,148,90644.61362
"2868",194,196,90696.51872
"2878",154,398,90844.31847
"2893",31,41,91193.07901
"2896",30,41,91240.25704
"2906",152,398,91392.82817
"2938",54,157,92033.13762
"2940",52,55,92067.40076
"2946",165,394,92182.6287
"2956",168,169,92312.6202
"2973",176,203,92550.21066
"2974",54,61,92563.78757
"2981",149,154,92690.92907
"2985",53,154,92816.84636
"2988",157,162,92880.66358
"2989",50,154,92887.085
"2995",51,178,92977.74352
"3029",31,166,93408.48079
"3032",164,170,93454.30723
"3059",193,204,93848.78887
"3063",24,152,93972.88547
"3086",192,193,94330.42171
"3088",175,204,94364.6379
"3098",160,165,94510.6879
"3119",54,163,94767.19501
"3125",155,156,94940.70004
"3133",31,393,95090.15092
"3144",27,32,95236.29387
"3147",211,212,95278.40115
"3153",157,177,95386.49577
"3154",149,155,95444.1295
"3157",161,394,95525.15917
"3159",167,393,95584.86714
"3183",52,211,96022.36259
"3184",170,394,96038.46817
"3210",23,28,96441.79843
"3214",41,159,96488.70411
"3231",31,160,96754.92196
"3234",157,161,96853.6144
"3255",41,150,97090.03128
"3260",43,167,97148.81302
"3266",159,168,97218.74254
"3273",153,160,97269.63117
"3277",21,42,97365.80984
"3296",155,157,97602.14426
"3318",164,173,97897.52061
"3331",42,148,98083.99185
"3348",204,208,98368.9021
"3350",32,393,98412.93674
"3354",27,148,98462.52319
"3372",21,28,98662.15008
"3377",41,153,98702.91495
"3379",25,150,98728.71487
"3384",27,150,98791.11167
"3385",27,394,98800.28912
"3407",50,156,99128.28365
"3433",52,158,99502.46074
"3438",150,155,99568.97182
"3445",33,395,99639.07093
"3456",28,161,99796.50685
"3462",149,398,99874.7991
"3465",195,212,99916.43459
"3470",169,398,99977.99057
"3473",54,175,99992.00746
"3495",27,398,100334.443
"3506",22,41,100497.8718
"3507",52,194,100509.0802
"3512",393,394,100584.2533
"3515",31,167,100650.8008
"3518",161,165,100672.6947
"3530",161,163,100908.5671
"3538",23,153,101084.5232
"3539",170,172,101110.9857
"3549",21,151,101223.7604
"3550",42,160,101232.2489
"3558",41,154,101366.5502
"3586",31,395,101846.7217
"3593",23,152,101928.6121
"3596",155,160,101959.386
"3609",23,41,102144.8955
"3611",25,151,102151.0319
"3615",42,153,102212.8633
"3616",52,156,102219.6762
"3617",32,170,102221.5324
"3623",52,191,102288.4581
"3626",29,398,102327.0174
"3645",24,153,102543.8066
"3646",29,151,102545.9678
"3655",22,151,102630.2481
"3661",153,156,102723.7495
"3663",151,156,102767.029
"3667",31,171,102787.1484
"3669",158,403,102833.1769
"3675",61,212,102944.2001
"3687",203,403,103180.9521
"3708",21,29,103621.4058
"3710",173,392,103632.9224
"3725",29,395,103827.4706
"3753",29,149,104134.943
"3759",164,172,104272.4439
"3764",158,166,104319.1626
"3776",154,162,104441.4231
"3781",31,42,104553.4028
"3784",159,167,104566.0356
"3785",53,177,104584.3182
"3788",155,161,104606.0096
"3800",160,164,104856.7865
"3812",162,394,105043.4922
"3825",54,196,105192.2606
"3856",177,193,105567.3499
"3874",54,158,105794.5032
"3880",32,159,105885.3564
"3911",23,29,106346.3462
"3925",168,170,106601.1497
"3935",26,30,106796.0537
"3944",43,166,106909.9486
"3950",52,163,107020.564
"3958",162,167,107188.4745
"3959",24,398,107211.1611
"3963",192,194,107280.9987
"3966",170,395,107304.421
"3972",28,31,107460.0892
"3983",163,398,107609.7475
"3985",164,398,107630.5383
"4008",157,191,107979.7707
"4025",175,178,108163.0867
"4038",153,179,108309.9683
"4047",177,212,108430.7149
"4048",51,176,108482.0464
"4057",156,165,108563.4769
"4092",176,178,109034.0958
"4100",41,148,109144.7097
"4114",155,191,109393.8945
"4120",28,150,109469.3365
"4121",153,190,109480.9048
"4122",154,159,109496.8099
"4124",191,194,109507.8235
"4128",175,196,109571.7621
"4147",169,395,109964.5751
"4151",154,190,110011.5947
"4158",170,173,110176.2908
"4162",157,159,110222.9224
"4170",24,161,110366.5599
"4178",53,159,110467.2812
"4223",149,160,111185.2338
"4232",159,170,111269.6592
"4236",150,154,111338.7928
"4249",152,157,111512.4297
"4258",53,175,111642.7422
"4269",191,193,111755.0376
"4280",26,161,111865.723
"4291",156,164,112098.2495
"4294",53,161,112172.8627
"4297",54,403,112183.7232
"4303",41,162,112286.5708
"4304",31,158,112300.7764
"4314",204,211,112499.6579
"4320",153,398,112548.1402
"4323",41,156,112622.1704
"4326",31,163,112655.1428
"4329",43,171,112674.8503
"4331",165,393,112709.6309
"4344",28,148,112848.2763
"4348",174,393,112871.9092
"4361",32,165,113029.5688
"4362",163,167,113036.393
"4364",163,174,113069.7454
"4365",166,392,113135.9906
"4376",27,161,113295.7173
"4385",42,154,113421.8311
"4400",21,41,113593.0764
"4408",160,403,113746.0294
"4410",26,398,113762.702
"4422",160,394,113949.3894
"4427",55,204,114018.4519
"4430",158,168,114059.258
"4435",195,196,114181.5856
"4438",42,159,114207.7474
"4447",162,174,114280.0387
"4459",190,211,114360.171
"4460",54,208,114400.2779
"4465",165,173,114459.8374
"4491",55,175,114893.0834
"4513",159,174,115091.3118
"4519",179,191,115160.3717
"4525",169,172,115217.4814
"4530",28,395,115322.5687
"4538",152,158,115441.2039
"4553",176,204,115660.3466
"4557",32,161,115697.5809
"4569",157,175,115808.6123
"4600",51,156,116161.7611
"4601",50,158,116180.7103
"4603",163,169,116200.5173
"4622",28,152,116412.0789
"4639",161,164,116695.5997
"4644",157,178,116769.186
"4666",165,392,117000.3584
"4671",51,190,117055.8923
"4673",29,31,117076.2811
"4692",31,174,117255.2491
"4696",31,168,117297.5697
"4697",55,194,117320.8399
"4721",165,172,117600.5341
"4731",51,203,117756.5987
"4752",27,152,118022.0416
"4766",164,394,118177.485
"4790",51,55,118461.6331
"4802",154,178,118657.0891
"4803",59,212,118679.5136
"4809",154,163,118755.0197
"4827",169,173,118939.4093
"4839",151,159,119123.121
"4853",179,192,119276.8368
"4854",53,212,119294.2356
"4871",50,54,119534.6587
"4884",193,212,119742.1543
"4885",153,157,119761.8745
"4892",31,392,119866.977
"4898",150,161,119968.5191
"4914",159,171,120124.2953
"4915",50,194,120131.8904
"4937",155,177,120312.8926
"4945",54,59,120386.2672
"4946",54,156,120397.4824
"4947",175,203,120398.5396
"4957",21,30,120575.7943
"4958",50,176,120581.478
"4964",51,193,120659.6237
"4995",52,196,121077.3299
"4997",148,155,121105.1098
"5025",29,161,121527.9849
"5035",193,203,121659.3364
"5056",151,394,121899.1465
"5058",153,403,121932.32
"5061",30,398,121975.9982
"5069",157,398,122052.7237
"5082",53,191,122262.5037
"5092",51,158,122339.4946
"5098",31,156,122402.891
"5101",53,164,122444.331
"5109",54,194,122541.2019
"5123",152,403,122733.049
"5161",53,55,123219.5807
"5173",52,192,123307.4903
"5188",164,392,123506.6554
"5199",161,169,123608.3838
"5207",152,190,123671.7727
"5216",21,152,123842.3427
"5222",21,153,123911.4107
"5231",155,158,124092.3213
"5239",54,177,124172.5375
"5251",168,392,124325.6656
"5256",166,393,124372.4065
"5259",155,203,124399.1732
"5265",25,32,124467.3985
"5278",151,158,124722.2841
"5288",157,190,124868.2344
"5299",160,166,125079.3957
"5302",41,158,125108.6828
"5311",162,170,125162.6656
"5320",24,394,125234.7012
"5336",50,212,125420.9573
"5353",53,155,125624.2667
"5365",30,31,125717.7079
"5371",212,403,125808.0681
"5374",26,154,125846.4418
"5378",29,150,125930.066
"5380",29,148,125948.7143
"5396",52,178,126146.6926
"5402",43,164,126227.453
"5408",50,160,126260.692
"5416",194,403,126427.9484
"5419",24,32,126456.491
"5422",176,212,126490.7854
"5426",166,398,126518.5476
"5439",177,195,126669.4318
"5448",160,169,126868.1104
"5449",23,30,126871.6398
"5457",50,179,127033.9395
"5460",50,153,127098.3717
"5475",172,393,127312.2836
"5477",162,171,127320.2228
"5488",28,160,127485.6439
"5492",154,191,127525.8269
"5511",151,162,127753.1352
"5513",51,154,127797.6852
"5525",164,393,127930.101
"5529",152,159,127964.2677
"5541",152,179,128128.151
"5558",192,195,128320.0591
"5559",52,154,128335.2412
"5564",194,208,128411.7515
"5567",32,162,128467.0992
"5570",51,195,128504.5635
"5577",30,151,128582.4338
"5579",154,177,128658.1727
"5583",27,31,128668.3182
"5634",42,156,129212.3787
"5660",26,155,129521.96
"5666",149,156,129593.3218
"5671",171,394,129652.504
"5678",158,169,129737.3206
"5680",30,149,129757.7786
"5690",50,152,129888.4711
"5695",28,159,129933.6104
"5698",392,395,129993.9337
"5701",41,165,130022.4882
"5704",153,178,130048.7964
"5731",152,162,130379.8633
"5736",31,151,130430.2748
"5737",42,162,130431.8743
"5739",27,395,130432.748
"5742",166,394,130450.7301
"5753",53,165,130616.2348
"5773",27,153,130828.8139
"5774",41,155,130854.1719
"5779",155,192,130893.9706
"5783",25,394,130932.1196
"5788",153,158,131009.6891
"5791",51,204,131039.0807
"5804",156,166,131311.6581
"5821",157,211,131555.3958
"5825",163,403,131588.2226
"5845",51,196,131893.915
"5847",28,153,131910.5325
"5858",150,398,132011.4543
"5872",52,160,132184.192
"5887",22,152,132329.6043
"5892",176,403,132358.7551
"5907",156,177,132495.8642
"5950",155,398,133052.9103
"5965",25,398,133133.3058
"5970",179,403,133201.2346
"5977",167,394,133285.5056
"5984",53,398,133360.6057
"5990",24,154,133480.9483
"6007",41,169,133736.9704
"6014",154,179,133815.1767
"6028",148,154,133907.262
"6029",52,61,133907.5476
"6040",191,212,133980.79
"6047",32,151,134038.1267
"6072",151,157,134392.8986
"6089",51,155,134573.5128
"6090",54,162,134575.1386
"6099",157,164,134676.5901
"6105",161,403,134733.4684
"6109",53,211,134805.6535
"6147",157,192,135304.0404
"6179",54,211,135589.6273
"6180",25,152,135589.7342
"6194",399,404,135725.2208
"6200",392,394,135794.3635
"6205",157,212,135831.0364
"6216",32,160,135915.3863
"6245",53,178,136467.533
"6250",175,190,136525.2281
"6254",178,193,136541.5354
"6265",176,190,136734.9962
"6271",161,166,136778.1649
"6275",26,160,136794.563
"6277",24,160,136930.6657
"6284",53,166,137005.0627
"6293",53,152,137202.2103
"6299",170,398,137231.1245
"6313",22,153,137426.448
"6332",42,395,137631.2727
"6342",42,155,137736.947
"6344",157,165,137766.1656
"6348",41,395,137787.2515
"6360",52,162,137932.1931
"6361",159,393,137951.6276
"6389",32,392,138352.285
"6408",52,204,138551.5656
"6412",51,163,138597.8534
"6429",29,152,138840.7316
"6430",32,164,138842.795
"6442",173,393,138952.6471
"6443",148,161,138953.2682
"6446",53,168,139003.9349
"6456",177,179,139146.9984
"6462",150,160,139211.5574
"6468",158,394,139345.9524
"6471",163,171,139387.8047
"6475",150,179,139432.8369
"6502",32,171,139701.2252
"6507",395,398,139756.4354
"6512",26,394,139812.0815
"6521",191,195,139915.4764
"6564",23,155,140488.491
"6582",178,194,140696.8591
"6593",160,168,140798.0379
"6603",156,191,140932.8241
"6611",23,161,141073.4559
"6625",152,178,141180.0052
"6626",27,160,141186.847
"6644",50,193,141409.7106
"6647",149,394,141446.5891
"6665",163,173,141635.7736
"6690",168,393,141917.3773
"6707",196,211,142064.5062
"6724",33,393,142292.4649
"6726",52,208,142319.7808
"6756",156,168,142624.2372
"6757",192,212,142626.6319
"6775",52,176,142842.8319
"6776",61,204,142851.4635
"6779",24,155,142878.2959
"6781",42,158,142895.6857
"6782",156,178,142897.6772
"6786",26,32,142973.8432
"6789",54,168,142983.1933
"6798",156,394,143094.1961
"6804",158,167,143166.0801
"6814",25,161,143305.5838
"6820",156,190,143437.0327
"6829",194,203,143493.2436
"6837",54,204,143608.5062
"6843",175,208,143664.2228
"6867",30,161,143917.7641
"6902",25,153,144236.2443
"6911",28,154,144293.9904
"6912",162,403,144325.792
"6926",50,163,144549.7092
"6954",59,204,144827.1762
"6969",23,398,144986.1847
"6977",54,164,145053.6421
"7001",177,204,145292.1197
"7022",43,392,145629.7244
"7036",55,163,145850.2366
"7056",22,398,146114.9523
"7064",158,177,146195.8213
"7077",29,159,146332.5056
"7087",163,394,146433.0466
"7088",51,160,146441.369
"7090",50,161,146444.809
"7097",23,154,146520.9503
"7099",54,160,146555.3257
"7100",31,154,146559.5229
"7103",42,165,146595.6599
"7115",52,190,146710.4356
"7118",158,174,146786.0961
"7126",53,153,146837.5901
"7131",42,169,146874.3488
"7167",156,169,147289.2869
"7170",43,165,147325.9067
"7175",28,169,147391.1845
"7194",22,32,147531.7105
"7198",32,167,147591.4312
"7202",193,196,147664.0388
"7203",149,159,147669.3337
"7215",168,398,147796.5609
"7232",148,398,148017.5708
"7236",52,155,148052.0228
"7244",55,157,148119.2034
"7252",154,165,148202.4224
"7255",30,148,148213.3817
"7259",53,192,148261.8297
"7260",153,159,148262.1868
"7268",53,190,148344.0073
"7271",171,395,148356.4095
"7276",167,398,148425.8838
"7310",163,170,148883.8149
"7319",29,160,148940.2926
"7322",28,162,148954.4375
"7327",27,159,148988.0942
"7335",53,194,149030.8387
"7337",54,191,149050.5347
"7351",24,31,149256.0639
"7368",153,162,149443.3937
"7379",32,166,149565.7493
"7403",52,195,149947.3124
"7408",153,191,149997.0712
"7409",165,395,150002.1521
"7414",32,149,150031.7016
"7418",152,394,150059.3433
"7425",30,150,150129.4423
"7443",162,173,150300.9458
"7479",52,193,150769.994
"7505",174,394,151003.2369
"7516",27,154,151116.9211
"7517",195,208,151117.8587
"7526",159,392,151269.732
"7531",41,157,151314.0742
"7541",31,152,151454.2939
"7548",157,166,151542.1967
"7567",22,161,151771.6058
"7568",41,163,151774.1262
"7575",54,166,151823.6375
"7582",25,395,151885.636
"7599",193,403,152087.4864
"7603",22,394,152144.8304
"7614",163,172,152239.4597
"7624",41,164,152385.4211
"7644",155,162,152662.6426
"7662",55,211,152732.5984
"7663",148,179,152749.62
"7678",149,158,152920.7489
"7696",159,395,153116.2876
"7703",32,33,153189.6674
"7725",43,170,153424.8886
"7734",159,173,153488.9128
"7740",154,192,153595.8161
"7744",29,153,153634.2807
"7779",149,179,153958.3253
"7786",150,156,154032.1091
"7790",29,169,154036.4948
"7815",168,394,154363.7945
"7819",393,398,154388.1916
"7822",152,163,154421.9649
"7833",52,203,154493.8495
"7837",157,203,154527.3893
"7838",151,403,154534.0277
"7843",162,393,154579.4011
"7874",31,149,154914.6452
"7896",31,172,155249.9975
"7913",161,168,155423.6377
"7980",55,195,156006.0665
"7996",154,394,156224.1129
"7999",157,194,156285.9589
"8014",156,175,156453.5351
"8024",55,177,156541.1022
"8030",28,165,156651.2694
"8036",154,164,156709.9737
"8038",28,156,156735.8805
"8042",162,172,156755.6044
"8048",149,162,156843.1672
"8050",31,173,156854.3504
"8060",53,151,157027.3123
"8076",54,159,157154.0626
"8085",157,168,157213.8003
"8099",154,203,157417.907
"8102",155,159,157437.2195
"8104",43,163,157492.0527
"8109",53,61,157553.642
"8110",159,172,157566.5768
"8116",50,162,157663.2404
"8119",61,194,157695.3023
"8123",171,398,157715.6811
"8130",152,191,157758.0892
"8137",21,161,157847.5533
"8149",151,165,157997.6725
"8159",160,167,158109.8353
"8168",30,169,158199.2723
"8170",24,159,158201.5822
"8178",149,157,158261.7366
"8182",21,398,158323.7715
"8194",54,154,158434.8487
"8223",158,191,158748.8611
"8226",55,403,158761.1444
"8227",26,156,158773.8879
"8272",52,159,159232.6507
"8280",52,161,159283.4759
"8281",61,175,159291.2288
"8300",43,169,159443.5637
"8301",52,59,159444.68
"8334",148,160,159737.2785
"8336",195,203,159750.4026
"8342",150,190,159803.5822
"8344",153,177,159817.109
"8347",151,190,159827.4895
"8350",151,163,159867.8221
"8381",159,403,160230.8284
"8384",151,179,160247.2293
"8389",31,157,160274.9974
"8396",51,208,160436.5383
"8431",160,177,160759.2187
"8434",50,195,160792.7174
"8442",155,211,160860.9207
"8451",26,31,160946.324
"8453",158,175,160953.0843
"8471",160,190,161121.2795
"8476",177,196,161153.2824
"8480",30,33,161202.2017
"8508",24,156,161440.029
"8525",174,398,161612.5942
"8534",30,159,161739.0403
"8565",192,204,162032.855
"8574",161,170,162132.1994
"8575",31,53,162142.0438
"8577",25,31,162161.9191
"8606",55,158,162483.1105
"8625",32,158,162683.2236
"8637",51,61,162759.3823
"8644",176,196,162815.6059
"8648",54,165,162848.2367
"8658",162,392,162912.6285
"8661",50,151,162937.2632
"8663",50,55,162960.1122
"8671",153,203,163058.4362
"8697",398,403,163314.5332
"8706",21,155,163453.7052
"8718",51,162,163611.352
"8720",149,190,163619.8385
"8758",52,164,163925.6043
"8762",155,163,163977.0666
"8783",53,196,164243.7297
"8795",152,177,164378.0921
"8799",26,159,164421.3696
"8818",23,160,164647.7584
"8824",178,212,164743.5396
"8830",161,167,164803.9836
"8834",61,163,164853.714
"8835",190,193,164856.5511
"8836",30,152,164859.1734
"8855",32,152,165030.0893
"8856",160,178,165034.3422
"8862",30,393,165106.6622
"8863",158,178,165107.5961
"8899",191,204,165471.8565
"8904",32,156,165505.5838
"8913",167,395,165585.256
"8939",163,212,165853.2392
"8946",160,170,165967.8359
"8948",32,174,166005.4979
"8952",24,395,166022.5281
"8966",158,171,166169.4645
"8984",160,174,166340.7183
"9001",29,162,166528.5032
"9032",160,191,166882.4867
"9038",158,170,166922.9754
"9039",41,170,166924.2958
"9050",154,175,167007.4889
"9057",42,157,167079.4632
"9062",27,162,167113.9986
"9065",179,211,167118.398
"9087",29,154,167311.4473
"9090",28,158,167365.1838
"9152",158,212,168049.0749
"9156",21,154,168074.5906
"9160",41,53,168123.1096
"9166",152,165,168237.828
"9182",178,195,168382.9844
"9193",28,155,168466.8615
"9198",155,175,168510.0291
"9206",156,192,168588.8224
"9214",156,167,168647.1742
"9220",27,169,168689.542
"9225",157,179,168743.6878
"9234",54,192,168848.0046
"9239",158,190,168876.8312
"9271",195,403,169167.9267
"9285",27,156,169286.5984
"9286",29,165,169287.1473
"9290",59,194,169363.7556
"9298",161,395,169427.8949
"9314",42,164,169546.8669
"9316",27,155,169554.2292
"9318",51,152,169607.2747
"9323",32,163,169668.4502
"9324",163,177,169690.8197
"9359",42,163,170000.251
"9369",51,153,170104.1547
"9375",190,194,170182.1193
"9381",23,394,170241.2039
"9387",154,211,170311.7482
"9389",54,195,170316.5703
"9411",153,394,170532.0118
"9425",41,166,170666.7515
"9429",156,211,170694.3591
"9431",30,160,170711.4314
"9437",153,163,170768.6376
"9446",161,190,170869.9063
"9454",25,160,170966.3173
"9482",51,161,171228.9592
"9500",153,192,171476.3253
"9504",29,393,171526.7722
"9527",23,32,171773.8455
"9539",149,403,171912.6647
"9547",151,169,172006.8257
"9552",51,179,172052.1222
"9556",53,203,172127.1828
"9570",52,168,172253.0806
"9587",150,394,172401.9095
"9613",31,153,172608.2944
"9635",163,175,172880.3469
"9638",24,162,172900.1303
"9641",52,152,172931.3374
"9667",54,178,173200.2041
"9683",32,168,173380.3452
"9686",50,159,173445.2075
"9697",28,170,173548.0801
"9708",50,204,173639.1476
"9720",156,174,173780.4997
"9724",156,212,173823.2779
"9726",25,154,173824.5183
"9732",28,393,173862.2227
"9734",22,154,173873.0986
"9738",164,395,173925.896
"9750",21,32,174008.0254
"9791",54,161,174407.3634
"9799",33,394,174469.5384
"9813",30,170,174708.194
"9848",61,168,175074.9018
"9868",162,395,175267.6169
"9875",50,398,175355.9123
"9891",52,166,175472.7541
"9894",32,154,175533.5248
"9896",160,171,175551.1288
"9897",21,394,175555.1697
"9912",161,174,175667.1642
"9921",55,168,175745.2666
"9934",148,156,175871.9303
"9940",52,165,175904.0683
"9941",29,170,175905.2302
"9944",43,162,175964.7795
"9947",53,169,176022.7734
"9970",151,164,176242.6788
"9974",41,393,176269.6726
"9986",152,203,176443.0518
"9988",33,392,176447.7375
"9990",33,170,176452.6756
"10019",154,166,176654.0132
"10026",22,395,176699.7415
"10085",26,162,177157.0635
"10088",27,165,177182.7208
"10098",59,175,177261.8139
"10103",53,174,177300.6224
"10112",151,178,177407.178
"10119",156,179,177482.8991
"10136",23,179,177706.0155
"10155",55,156,177945.9547
"10158",150,157,177990.7943
"10160",52,153,178015.4398
"10162",208,211,178023.1279
"10170",22,155,178072.0544
"10176",161,171,178102.1628
"10181",42,170,178135.7681
"10184",53,167,178157.1211
"10189",148,190,178248.792
"10201",204,403,178402.179
"10223",29,156,178588.362
"10226",22,160,178607.3794
"10240",158,173,178743.4927
"10241",50,149,178745.3405
"10249",157,176,178798.1668
"10271",150,159,179078.7698
"10275",53,208,179113.8331
"10276",161,178,179114.8687
"10287",54,176,179271.6475
"10288",50,196,179274.3681
"10297",43,61,179361.832
"10298",196,403,179369.1494
"10303",32,150,179423.7338
"10307",150,158,179449.336
"10309",203,212,179460.7881
"10312",392,398,179514.4403
"10316",26,158,179581.9354
"10326",166,395,179696.2437
"10331",30,153,179716.6489
"10337",24,158,179801.9142
"10345",154,169,179860.125
"10350",30,165,179929.6054
"10354",55,193,179981.9513
"10412",157,169,180584.9442
"10453",158,211,180944.538
"10456",163,392,180960.2554
"10476",152,192,181127.3416
"10496",22,31,181315.3797
"10506",54,193,181396.8644
"10508",28,164,181412.8863
"10520",26,179,181503.9489
"10561",161,177,181881.1318
"10570",163,393,181973.6854
"10572",161,393,181999.4851
"10574",148,394,182046.6737
"10578",52,398,182074.6542
"10581",176,179,182111.6315
"10590",43,393,182239.7962
"10591",156,203,182252.4282
"10593",152,164,182277.6192
"10604",53,149,182414.9126
"10614",27,158,182478.1832
"10615",25,159,182490.0543
"10638",21,160,182706.8095
"10645",53,176,182802.5017
"10648",55,191,182829.9984
"10662",30,162,183044.3837
"10676",157,394,183169.4313
"10680",51,159,183211.1648
"10685",150,403,183263.0455
"10697",41,403,183392.4759
"10706",54,174,183473.42
"10716",43,159,183557.5125
"10783",23,156,184290.7212
"10786",26,395,184316.1014
"10791",61,157,184374.279
"10798",42,393,184459.995
"10802",174,395,184507.033
"10805",157,196,184520.9697
"10819",29,33,184565.9217
"10822",150,178,184573.4819
"10827",25,155,184649.8307
"10831",151,395,184719.58
"10837",32,153,184791.9345
"10849",149,178,184929.3118
"10852",42,53,184952.8202
"10870",161,191,185056.7551
"10922",51,59,185597.3727
"10926",193,208,185615.8396
"10956",156,170,185847.3383
"10963",53,59,185950.5001
"10971",149,165,186025.2015
"10978",191,196,186080.5423
"10994",158,192,186188.3187
"11009",172,394,186318.4603
"11012",163,191,186352.8926
"11017",32,148,186401.1052
"11040",164,403,186702.3144
"11047",54,155,186782.5016
"11050",160,175,186800.8404
"11066",55,176,187019.2694
"11074",150,162,187072.7036
"11078",31,150,187111.2367
"11119",42,166,187472.816
"11138",53,204,187637.6754
"11140",160,179,187649.3609
"11142",55,162,187663.2024
"11154",29,158,187781.9808
"11172",158,172,187889.8892
"11186",50,150,188060.2242
"11202",162,177,188172.4843
"11215",55,164,188309.8323
"11233",153,165,188532.9835
"11259",149,163,188742.9633
"11261",41,167,188752.0503
"11266",160,395,188815.5928
"11317",53,394,189471.3474
"11325",61,158,189500.8338
"11340",161,179,189607.5683
"11349",165,403,189688.3389
"11355",156,171,189735.2432
"11369",173,394,189839.7587
"11393",154,168,190118.2671
"11398",160,393,190160.1826
"11404",26,157,190191.332
"11417",55,166,190304.3591
"11423",28,163,190425.3537
"11436",152,169,190560.6124
"11470",29,155,190880.6797
"11477",54,167,190951.9012
"11494",61,195,191124.8691
"11510",24,169,191273.3277
"11527",54,398,191480.5772
"11531",31,155,191519.1962
"11532",43,54,191522.2829
"11542",175,179,191610.1929
"11557",24,165,191704.7653
"11563",190,212,191744.7955
"11567",192,196,191763.947
"11569",157,167,191781.5725
"11635",30,154,192333.9812
"11651",23,31,192436.1298
"11670",41,168,192604.892
"11718",54,190,193091.4456
"11719",151,191,193100.8876
"11743",157,174,193360.6445
"11746",177,208,193385.5008
"11766",27,393,193648.5063
"11780",41,50,193784.7818
"11783",61,166,193797.3353
"11785",59,163,193809.0884
"11793",41,171,193871.2456
"11849",160,192,194364.0433
"11858",27,170,194481.6236
"11863",43,59,194540.2
"11888",157,193,194724.3398
"11892",29,164,194763.6378
"11899",31,43,194822.3389
"11902",53,179,194838.6835
"11911",53,193,194933.0049
"11974",23,159,195389.7245
"11978",24,157,195425.4225
"11983",33,169,195486.1659
"12001",155,176,195627.2096
"12015",28,157,195710.804
"12046",151,166,196053.9696
"12052",51,164,196138.0272
"12056",26,190,196243.2866
"12077",155,394,196394.4853
"12082",155,165,196430.9871
"12089",55,192,196485.0913
"12090",61,164,196491.6715
"12091",42,403,196493.3816
"12098",158,393,196564.8735
"12104",178,204,196626.6617
"12110",59,195,196676.3107
"12112",22,159,196709.0708
"12114",148,159,196714.4733
"12116",54,173,196744.0305
"12132",156,194,196911.4598
"12137",61,211,196936.2096
"12168",149,169,197155.4511
"12174",43,158,197205.1649
"12183",163,178,197318.9934
"12184",149,395,197337.4456
"12190",203,204,197405.8813
"12195",51,398,197449.849
"12211",28,166,197615.0535
"12227",25,156,197708.6595
"12235",190,195,197780.9795
"12262",52,151,198079.5774
"12275",151,177,198152.1051
"12280",53,195,198183.8334
"12317",32,172,198496.0684
"12320",31,33,198548.5786
"12327",154,212,198637.4175
"12332",21,179,198665.2562
"12373",158,194,199108.4366
"12381",163,211,199161.4929
"12388",163,196,199254.7453
"12389",24,179,199263.3766
"12424",51,151,199605.9577
"12451",52,179,199892.7129
"12454",59,168,199908.8073
"12456",50,164,199915.0705
"12458",160,211,199919.7011
"12467",26,165,199982.962
"12483",25,162,200097.0479
"12499",162,191,200185.3741
"12511",31,148,200304.3245
"12528",43,55,200442.1033
"12536",190,398,200512.1892
"12546",148,157,200569.2062
"12549",157,204,200581.5178
"12558",148,158,200696.0938
"12559",176,208,200730.5493
"12574",30,156,200825.6932
"12578",153,211,200856.8135
"12594",173,398,201057.8464
"12604",61,403,201103.8431
"12612",54,203,201135.5635
"12614",23,190,201147.7031
"12616",21,31,201166.9393
"12631",61,177,201270.2603
"12649",162,175,201439.4047
"12659",25,169,201545.9593
"12673",27,164,201656.1636
"12680",153,164,201710.6425
"12730",168,395,202172.1488
"12756",41,190,202424.8553
"12760",28,33,202490.104
"12766",152,166,202547.1452
"12770",163,208,202563.778
"12779",160,173,202644.7196
"12780",53,173,202646.8972
"12784",157,208,202656.4057
"12814",162,212,202865.3191
"12828",50,165,203035.9343
"12831",54,152,203064.9828
"12842",172,398,203171.2323
"12845",166,403,203197.5879
"12851",22,156,203264.4213
"12865",26,169,203380.8717
"12869",41,174,203406.2715
"12878",160,212,203472.9876
"12901",32,173,203685.2008
"12916",158,203,203796.3702
"12918",42,167,203814.7952
"12919",158,392,203819.9066
"12922",55,160,203867.9798
"12923",53,150,203873.8456
"12932",157,195,203928.9011
"12935",21,156,203959.5477
"12945",61,173,204050.5347
"12949",148,178,204075.3768
"12952",161,392,204089.8998
"12993",149,191,204425.324
"12996",53,171,204453.1443
"12998",163,190,204498.0497
"13009",160,203,204543.6578
"13027",162,178,204767.3706
"13033",155,164,204791.0649
"13046",149,164,204924.5379
"13085",51,165,205216.3592
"13116",159,177,205447.2945
"13122",148,403,205527.9336
"13143",158,179,205703.6678
"13151",208,403,205800.4633
"13153",32,157,205814.7186
"13156",162,190,205833.8592
"13158",30,164,205860.1124
"13177",152,211,206057.5115
"13187",148,162,206146.2171
"13190",153,175,206164.5247
"13195",26,403,206218.139
"13196",50,61,206220.2577
"13204",42,50,206305.531
"13231",163,194,206545.1838
"13241",160,392,206639.902
"13271",27,157,206946.8605
"13274",23,158,206961.6611
"13276",41,179,206966.5989
"13277",28,171,206971.1144
"13279",156,173,206990.6457
"13292",31,54,207110.0919
"13304",21,395,207179.3529
"13313",42,171,207247.5103
"13316",61,162,207280.4927
"13320",23,162,207315.5538
"13336",168,403,207486.1444
"13341",152,175,207508.6139
"13342",50,208,207533.8658
"13368",30,158,207803.7905
"13377",27,163,207886.7056
"13379",150,191,207892.8307
"13386",151,170,207937.1306
"13391",30,392,207976.1941
"13399",28,167,208014.8804
"13405",51,168,208051.6555
"13427",172,395,208248.5109
"13455",31,403,208528.5865
"13461",41,392,208560.1259
"13465",29,163,208615.8748
"13493",154,194,208866.6331
"13496",155,194,208901.9148
"13499",160,172,208907.7712
"13513",61,174,208999.4169
"13518",178,398,209056.9425
"13528",54,169,209171.4517
"13537",42,179,209243.8799
"13541",21,159,209267.0261
"13543",61,156,209275.5653
"13554",51,166,209336.9226
"13566",42,190,209415.7753
"13583",55,165,209595.8047
"13598",29,166,209693.4852
"13600",158,196,209707.1531
"13605",42,168,209731.2862
"13618",23,395,209821.1231
"13645",50,148,210011.5657
"13654",55,159,210096.4453
"13695",177,398,210497.1352
"13704",24,163,210609.8039
"13739",31,52,210958.7812
"13751",25,165,211084.9425
"13756",179,193,211130.9821
"13775",55,178,211307.0524
"13785",154,167,211363.4
"13787",53,170,211373.627
"13795",24,190,211413.591
"13798",43,53,211422.8669
"13824",153,169,211666.4618
"13829",161,175,211700.9838
"13839",54,153,211770.472
"13845",155,212,211823.24
"13848",27,33,211851.4737
"13855",29,171,211920.9949
"13859",28,53,211945.4494
"13866",161,192,212007.5353
"13875",54,172,212072.7477
"13894",154,176,212272.4921
"13897",28,392,212324.0821
"13903",29,392,212391.4104
"13905",59,157,212414.5339
"13915",52,174,212501.3284
"13921",158,395,212552.5203
"13925",33,171,212572.041
"13935",23,157,212666.8833
"13940",22,162,212720.8153
"13944",151,203,212733.6207
"13947",32,53,212757.3211
"13948",149,177,212757.5051
"13951",26,163,212769.8402
"13964",156,393,212871.2231
"13967",163,192,212883.3252
"13972",150,203,212914.3717
"13984",30,171,213053.719
"13991",25,158,213123.5941
"13996",26,53,213162.4206
"14001",26,50,213221.0194
"14018",32,155,213419.921
"14078",161,173,213886.0065
"14080",55,174,213906.0379
"14090",59,211,213957.2688
"14113",163,395,214149.3643
"14123",24,164,214280.4587
"14159",191,398,214584.0089
"14163",41,52,214631.2289
"14181",53,172,214764.3875
"14182",55,154,214781.2224
"14260",156,172,215479.5979
"14261",168,212,215485.8836
"14265",151,168,215524.5305
"14271",159,191,215628.0599
"14283",24,403,215726.1244
"14303",159,190,215903.2413
"14320",29,167,216070.8589
"14325",157,171,216102.303
"14352",50,166,216275.3322
"14392",52,167,216523.8716
"14428",150,163,216825.51
"14430",24,53,216834.1255
"14437",30,155,216910.1749
"14442",41,178,216951.367
"14452",151,192,217007.2898
"14453",179,398,217022.3587
"14476",156,176,217218.9506
"14479",55,173,217250.2697
"14485",152,395,217280.8926
"14486",178,196,217283.2214
"14491",149,203,217335.8029
"14497",173,395,217389.0597
"14512",159,178,217572.6784
"14545",150,165,217849.6184
"14548",156,395,217888.7845
"14553",157,170,217930.3159
"14560",29,157,217950.2549
"14576",161,172,218139.1563
"14582",161,203,218163.8229
"14585",164,212,218198.8116
"14587",27,166,218218.9654
"14629",26,178,218564.4539
"14639",154,174,218627.5067
"14644",59,158,218705.0298
"14660",51,149,218826.8253
"14676",154,170,218942.2122
"14684",42,174,219033.1778
"14685",191,208,219045.0639
"14687",42,392,219082.4274
"14689",30,166,219104.1707
"14714",152,168,219339.138
"14745",61,193,219566.4408
"14758",59,166,219676.7118
"14775",158,208,219814.7752
"14783",150,177,219880.8315
"14797",156,196,220034.409
"14813",50,168,220185.7869
"14828",54,171,220328.4146
"14852",61,165,220482.624
"14873",30,167,220713.4879
"14875",151,393,220723.4109
"14895",28,168,220897.2049
"14901",151,167,220922.188
"14907",24,170,220952.9314
"14909",52,149,220958.0968
"14922",155,193,221119.8071
"14930",61,172,221206.8904
"14957",26,164,221383.9216
"14960",22,158,221425.5923
"14967",31,50,221490.0063
"15001",159,175,221773.383
"15013",22,169,221853.9733
"15018",157,173,221922.311
"15030",153,166,221983.6883
"15053",25,393,222147.2953
"15059",52,169,222186.5532
"15065",161,211,222223.4067
"15082",25,33,222391.033
"15109",59,177,222639.2478
"15114",23,403,222661.1733
"15122",54,151,222720.2171
"15124",162,211,222724.6978
"15133",21,162,222775.299
"15175",61,167,223199.561
"15181",59,173,223261.5595
"15226",59,164,223554.8599
"15230",24,50,223573.9638
"15238",22,179,223630.042
"15255",21,190,223790.83
"15256",179,194,223798.6943
"15265",41,51,223847.0012
"15293",24,393,224061.0035
"15334",150,395,224427.5563
"15356",149,166,224612.3928
"15359",155,166,224632.7829
"15364",28,174,224699.7905
"15369",168,208,224744.5423
"15374",156,392,224798.0257
"15399",27,53,225028.2829
"15412",159,212,225116.8578
"15418",166,212,225143.9649
"15431",55,167,225240.2587
"15459",21,158,225426.3645
"15476",30,163,225506.9061
"15498",25,170,225676.6262
"15517",42,178,225883.9171
"15535",23,178,226100.3237
"15539",190,204,226137.5805
"15555",53,148,226315.0243
"15556",149,192,226328.8791
"15560",59,403,226341.1038
"15570",43,156,226413.493
"15600",164,177,226666.6102
"15613",155,169,226801.52
"15628",192,208,226920.3657
"15650",150,192,227042.5891
"15662",28,403,227099.0458
"15684",43,160,227333.0762
"15686",160,194,227356.8346
"15708",61,191,227547.5841
"15717",394,403,227641.9575
"15726",162,192,227727.091
"15746",22,165,227876.2845
"15759",148,395,227949.9672
"15787",23,50,228176.9295
"15792",27,171,228222.8986
"15812",152,170,228436.6361
"15816",148,191,228454.8796
"15837",158,176,228647.4498
"15840",41,191,228670.16
"15855",61,159,228785.0303
"15857",196,203,228800.8456
"15887",61,176,229119.0097
"15891",59,193,229158.0094
"15905",27,167,229264.5753
"15915",154,395,229329.2031
"15920",154,171,229382.6806
"15923",150,169,229403.2347
"15927",43,394,229435.325
"15954",41,177,229638.6172
"15962",33,42,229690.0574
"15986",164,175,229954.5885
"16023",41,54,230311.6892
"16045",151,171,230504.0475
"16058",50,59,230561.8102
"16074",148,203,230655.9401
"16081",42,52,230779.2388
"16091",161,212,230835.9999
"16153",23,165,231412.1467
"16160",51,150,231468.2243
"16179",55,161,231662.0763
"16181",169,403,231697.9672
"16196",149,170,231768.9973
"16206",52,173,231852.9862
"16208",59,174,231868.2712
"16254",61,160,232252.6792
"16255",55,203,232260.0767
"16256",43,52,232268.9385
"16268",165,177,232436.6725
"16273",24,166,232478.0787
"16279",152,167,232505.5214
"16289",24,178,232571.0215
"16310",27,179,232792.2428
"16317",157,172,232818.9621
"16321",27,392,232842.5434
"16356",33,41,233238.2436
"16357",43,208,233241.2316
"16371",151,174,233352.487
"16378",29,168,233373.9217
"16385",29,53,233414.229
"16386",43,398,233427.6127
"16405",29,174,233551.6327
"16419",25,157,233685.3116
"16432",21,157,233772.9682
"16457",55,172,234010.3293
"16459",168,196,234018.0744
"16484",154,193,234203.4382
"16490",43,157,234259.5764
"16502",31,51,234352.1945
"16513",156,193,234433.462
"16515",156,208,234456.9233
"16522",27,403,234519.3719
"16535",148,165,234604.5069
"16551",26,170,234687.2326
"16552",163,203,234692.2574
"16562",23,169,234817.3802
"16583",165,212,235024.7562
"16604",55,190,235251.7543
"16626",25,164,235536.1636
"16691",150,164,236160.6592
"16695",59,162,236179.8115
"16715",153,176,236295.4624
"16740",153,395,236465.8959
"16766",163,204,236676.5591
"16785",22,157,236878.2082
"16817",28,50,237125.7176
"16819",23,53,237138.2874
"16843",158,204,237318.0809
"16845",155,168,237341.6822
"16846",168,175,237342.0903
"16857",148,163,237420.8387
"16870",28,179,237517.3925
"16881",162,179,237564.4939
"16891",33,167,237717.1225
"16903",175,398,237808.6874
"16910",25,179,237930.7085
"16927",153,168,238055.7847
"16948",59,156,238233.8551
"16966",52,150,238362.035
"16968",162,194,238381.0552
"16971",42,51,238393.0298
"16973",54,170,238419.3796
"17004",151,175,238699.3597
"17011",26,191,238737.8258
"17021",52,394,238824.7875
"17029",30,174,238910.4524
"17075",33,398,239319.6553
"17105",42,191,239544.489
"17108",55,155,239579.9223
"17110",54,394,239596.7
"17117",26,393,239670.8019
"17123",162,196,239727.8584
"17144",151,211,239957.2745
"17149",50,394,240008.3125
"17158",28,190,240039.221
"17185",26,166,240221.057
"17187",27,190,240233.4037
"17195",156,204,240269.0709
"17202",25,163,240305.229
"17217",59,172,240367.1135
"17238",33,165,240559.8161
"17267",30,157,240752.9398
"17337",165,175,241270.8544
"17341",61,192,241284.5284
"17348",148,177,241316.3819
"17354",27,168,241351.9495
"17361",154,393,241399.4094
"17366",166,175,241426.8791
"17367",159,211,241429.6529
"17388",166,177,241588.8273
"17396",23,163,241630.6191
"17400",192,398,241662.2058
"17410",166,208,241714.9672
"17422",149,393,241801.6874
"17433",59,176,241869.2176
"17442",164,208,241903.8168
"17462",42,177,242076.4356
"17482",164,191,242215.224
"17503",43,161,242382.1598
"17526",152,212,242595.145
"17533",152,174,242658.0489
"17542",168,177,242740.837
"17554",148,169,242837.2448
"17563",53,393,242899.387
"17571",158,193,242941.4381
"17576",21,169,242975.5666
"17581",30,168,243004.9629
"17612",41,173,243208.8074
"17616",159,179,243228.9408
"17620",22,190,243252.6122
"17623",159,192,243283.4792
"17655",21,165,243599.8554
"17667",167,403,243700.6001
"17676",27,50,243758.0081
"17685",41,172,243846.7442
"17699",162,203,243899.0129
"17745",163,179,244278.8189
"17747",152,176,244289.4932
"17758",149,168,244382.9057
"17773",52,171,244536.3913
"17778",156,195,244575.9299
"17793",32,43,244649.186
"17794",162,208,244650.0998
"17796",174,403,244656.6994
"17827",190,196,244876.983
"17840",50,169,244999.1796
"17860",164,196,245206.7031
"17865",21,403,245262.3336
"17868",152,393,245288.6633
"17877",53,392,245382.276
"17878",54,179,245382.4609
"17901",153,212,245563.9635
"17907",165,191,245604.0193
"17916",22,393,245681.8665
"17936",160,176,245853.7097
"17938",27,174,245873.5432
"17941",52,172,245903.2867
"17968",152,171,246058.748
"17994",22,33,246258.9742
"18039",148,192,246667.4761
"18048",155,195,246733.8046
"18076",59,167,246996.8945
"18088",163,176,247077.896
"18100",179,212,247167.5532
"18108",153,194,247229.8774
"18120",26,177,247281.8755
"18121",157,393,247286.2323
"18142",179,195,247439.3633
"18159",55,398,247633.2364
"18176",22,170,247730.8837
"18181",42,54,247775.7039
"18192",51,174,247852.1179
"18212",59,165,247991.7282
"18220",203,398,248100.8344
"18225",158,195,248118.874
"18228",166,196,248142.0956
"18256",149,167,248300.3923
"18270",54,149,248414.1471
"18276",160,196,248456.4503
"18280",24,33,248509.0489
"18317",59,191,248893.6689
"18332",21,178,248966.3409
"18333",24,167,248977.1481
"18354",152,194,249151.061
"18365",23,191,249255.8014
"18370",32,403,249286.1682
"18385",154,196,249393.4826
"18412",153,170,249588.171
"18427",178,208,249691.5811
"18460",26,203,249937.2096
"18468",29,403,250057.3826
"18479",151,392,250141.4368
"18496",33,159,250274.2806
"18501",211,398,250308.5837
"18513",61,154,250367.2416
"18530",51,169,250503.0424
"18543",51,167,250597.0734
"18560",164,178,250746.9774
"18577",165,178,250905.1261
"18582",21,50,250962.8731
"18621",24,191,251288.7297
"18636",22,163,251407.2493
"18650",22,164,251530.8566
"18661",24,171,251627.4862
"18683",165,190,251834.6815
"18732",25,166,252118.0597
"18733",61,171,252126.0462
"18780",23,164,252516.4091
"18790",154,195,252557.7744
"18798",212,398,252634.5064
"18813",25,190,252747.6559
"18816",161,194,252766.9298
"18821",153,167,252822.1802
"18822",26,51,252835.5046
"18915",25,53,253532.2938
"18923",26,52,253564.1667
"18940",154,173,253641.8492
"18958",51,148,253816.8394
"18985",148,164,254025.8529
"18994",23,203,254053.3077
"18996",41,203,254057.8052
"19012",41,192,254231.3812
"19015",149,211,254238.7342
"19028",55,169,254374.5413
"19048",24,168,254499.1898
"19054",43,212,254582.7259
"19056",157,392,254624.9483
"19062",31,177,254716.0793
"19064",164,190,254722.3413
"19073",30,53,254825.4085
"19089",55,171,254960.5913
"19097",22,403,255006.2343
"19107",43,196,255051.9596
"19120",33,174,255164.3728
"19186",174,212,255709.2485
"19187",61,178,255723.6554
"19215",52,170,255877.5974
"19228",150,166,256002.9333
"19231",163,195,256022.669
"19274",31,190,256384.0249
"19297",149,171,256509.1159
"19327",25,403,256671.3154
"19332",149,175,256700.7035
"19334",164,211,256702.9875
"19352",50,167,256860.7841
"19363",28,178,256940.8464
"19371",159,203,257024.801
"19416",163,193,257405.8122
"19430",173,208,257502.8258
"19432",59,159,257538.4702
"19438",50,174,257610.6389
"19447",21,53,257656.5671
"19470",157,395,257784.5325
"19489",29,179,257944.9282
"19497",31,55,258079.5327
"19517",166,191,258260.1502
"19524",24,177,258313.0747
"19565",22,53,258602.5612
"19569",51,394,258627.2266
"19571",154,204,258635.4248
"19585",21,163,258755.6396
"19598",42,172,258859.3173
"19599",28,52,258882.2921
"19600",42,173,258892.4251
"19638",27,178,259154.3032
"19652",26,167,259281.8557
"19660",24,52,259347.6631
"19661",61,161,259370.5513
"19667",159,194,259457.1313
"19686",55,152,259607.4863
"19688",155,167,259646.5142
"19746",154,392,260040.6098
"19756",29,50,260131.2568
"19780",26,192,260265.1461
"19783",150,211,260291.4558
"19809",174,208,260464.4365
"19813",43,395,260505.8604
"19816",59,192,260517.6913
"19826",25,171,260583.9476
"19836",23,177,260659.8382
"19873",160,208,260952.5568
"19877",154,172,260968.2805
"19880",24,392,261018.4927
"19881",52,148,261019.997
"19904",24,51,261259.3853
"19907",149,174,261264.9829
"19908",168,191,261265.9783
"19931",59,160,261436.6159
"19935",32,50,261451.2811
"19943",26,168,261519.9093
"19956",33,164,261667.9248
"19957",153,193,261668.4094
"19963",31,178,261736.1329
"19988",42,203,261985.4642
"20005",61,169,262072.9264
"20015",32,52,262120.4889
"20017",22,50,262145.125
"20035",28,172,262254.5793
"20043",29,190,262306.0319
"20045",159,196,262309.9746
"20050",164,194,262341.4265
"20070",153,174,262545.6873
"20075",25,167,262612.4618
"20089",33,166,262681.7296
"20102",53,395,262737.1613
"20113",25,392,262818.9336
"20120",155,204,262869.5952
"20127",31,191,262962.8432
"20137",32,54,263036.9022
"20233",26,171,263721.9942
"20244",150,170,263784.5047
"20261",203,208,263913.353
"20264",160,193,263936.1792
"20265",167,212,263963.7919
"20279",41,175,264163.9857
"20292",24,174,264290.3564
"20298",28,173,264311.0848
"20308",165,208,264370.0493
"20317",42,192,264421.1529
"20385",54,392,264852.8845
"20386",25,50,264853.3735
"20406",168,194,265060.7491
"20418",24,203,265134.0068
"20420",155,196,265155.0123
"20429",165,211,265282.1539
"20445",190,394,265383.3699
"20452",165,196,265470.3789
"20466",23,170,265619.8778
"20484",173,212,265743.3406
"20485",155,170,265755.5459
"20493",21,164,265812.0192
"20495",33,172,265813.1967
"20553",153,393,266343.2399
"20581",22,178,266539.7167
"20588",155,395,266568.4347
"20609",155,174,266741.5672
"20628",153,171,266886.0484
"20640",161,176,266980.0924
"20641",159,208,266988.6999
"20666",55,153,267220.7175
"20677",150,175,267283.7924
"20712",26,33,267629.429
"20759",168,211,268008.2106
"20780",166,178,268146.4638
"20786",28,51,268189.2195
"20793",171,403,268240.4437
"20824",152,193,268463.804
"20833",23,192,268570.7698
"20864",33,161,268879.9029
"20866",51,173,268903.7454
"20871",22,166,268933.6061
"20886",154,208,269080.0968
"20900",164,192,269150.2621
"20906",29,172,269196.4962
"20924",151,212,269320.1115
"20932",23,393,269390.7653
"20946",170,403,269485.9833
"20970",54,150,269708.328
"20989",166,211,269862.7557
"21046",43,51,270353.1415
"21064",23,51,270471.9965
"21069",160,204,270499.1325
"21071",162,176,270510.1304
"21094",152,392,270662.1156
"21096",28,191,270680.0042
"21107",27,52,270747.3101
"21138",41,211,271046.7107
"21140",378,404,271074.0382
"21192",61,398,271500.2327
"21193",23,166,271503.4352
"21204",21,170,271584.4642
"21215",173,403,271667.936
"21225",33,162,271786.8857
"21238",166,194,271906.0281
"21249",30,172,271990.7851
"21285",174,196,272197.1842
"21294",21,191,272238.6861
"21301",151,173,272334.0699
"21312",21,393,272397.7987
"21349",29,173,272630.5694
"21365",31,61,272732.6878
"21393",28,177,272935.8991
"21397",150,393,272958.4801
"21399",54,393,272969.8297
"21408",165,192,273033.1958
"21414",28,54,273082.7137
"21434",166,190,273177.7576
"21440",31,175,273248.4592
"21445",162,204,273294.1443
"21487",148,166,273606.7325
"21494",149,392,273667.7073
"21501",167,208,273714.2369
"21506",24,192,273735.779
"21509",168,178,273769.013
"21515",26,174,273866.1532
"21571",25,178,274284.7648
"21607",173,196,274508.7452
"21620",178,394,274629.1043
"21622",30,403,274632.1575
"21625",172,208,274641.36
"21637",177,394,274702.5212
"21655",23,52,274809.5571
"21668",160,195,274916.9471
"21690",43,154,275064.7736
"21694",27,191,275102.2555
"21718",25,168,275253.2351
"21726",150,168,275307.9986
"21729",151,172,275357.2995
"21732",59,171,275367.4219
"21735",26,392,275409.2355
"21781",148,170,275738.302
"21802",169,177,275915.6214
"21807",165,194,275926.2729
"21855",190,208,276272.9537
"21857",161,196,276277.5421
"21865",31,212,276336.776
"21872",31,179,276380.9725
"21887",21,203,276512.635
"21942",30,173,277000.8812
"21958",61,203,277097.26
"21981",41,43,277341.781
"22003",155,171,277485.1865
"22005",27,51,277488.9495
"22054",174,175,277802.9577
"22055",51,171,277803.3182
"22083",59,178,278081.6686
"22084",179,394,278082.5626
"22119",194,398,278291.1642
"22141",42,175,278513.0653
"22159",59,154,278687.6055
"22182",26,54,278854.7406
"22192",33,151,278943.7945
"22210",21,33,279039.9004
"22218",61,190,279100.1579
"22225",61,155,279144.9651
"22229",33,173,279197.3414
"22231",55,170,279215.2522
"22254",27,177,279316.625
"22270",25,174,279416.6177
"22280",151,176,279474.5658
"22290",179,204,279572.6518
"22307",29,178,279656.4605
"22331",191,394,279856.5494
"22373",152,173,280125.0917
"22380",55,151,280163.3368
"22410",150,167,280417.1896
"22430",151,194,280545.2826
"22441",43,403,280694.7138
"22464",29,52,280807.1087
"22509",168,190,281225.043
"22528",32,51,281362.8133
"22529",148,211,281370.8007
"22543",50,171,281516.2973
"22545",22,171,281528.2211
"22553",169,212,281577.6153
"22554",61,170,281588.9321
"22564",174,177,281661.2158
"22579",172,212,281771.9551
"22588",24,54,281820.4688
"22605",22,167,281961.2084
"22606",165,179,281974.4392
"22646",167,175,282389.2591
"22647",148,393,282389.7976
"22653",33,168,282420.7594
"22673",51,172,282562.0486
"22705",167,177,282722.2114
"22721",50,170,282820.7553
"22777",172,403,283304.4027
"22800",167,196,283515.3255
"22804",27,172,283545.4886
"22805",32,190,283546.5515
"22810",21,177,283584.3865
"22821",30,179,283690.6489
"22827",42,211,283727.4466
"22852",168,204,283890.5753
"22895",50,173,284181.6124
"22910",21,166,284249.8028
"22916",162,193,284266.6297
"22986",166,192,284862.9864
"22997",30,50,284975.1804
"23040",152,172,285257.8213
"23074",27,173,285521.1396
"23095",22,392,285689.6098
"23131",51,170,285963.8727
"23182",41,212,286379.7745
"23193",153,195,286472.5257
"23197",161,193,286511.6068
"23211",155,393,286604.7763
"23260",168,192,287107.7861
"23269",33,149,287134.0343
"23284",169,175,287243.1112
"23296",52,392,287332.813
"23306",169,191,287401.4919
"23309",22,191,287421.1985
"23311",41,55,287428.4455
"23347",27,54,287665.8526
"23352",23,33,287697.1028
"23356",162,195,287720.9103
"23379",169,190,287901.4698
"23432",30,190,288373.2011
"23439",33,160,288414.8
"23463",59,161,288581.0882
"23471",52,393,288609.5921
"23473",59,169,288625.5032
"23481",164,204,288661.2402
"23495",26,211,288755.3248
"23504",161,208,288794.668
"23506",150,171,288796.2167
"23523",159,176,288926.8502
"23540",164,203,289063.4293
"23547",164,179,289133.5313
"23572",148,175,289295.4306
"23620",55,179,289792.8721
"23641",155,208,289971.9579
"23642",165,203,289977.9216
"23645",169,178,290001.5634
"23721",31,192,290564.595
"23732",152,195,290633.123
"23756",29,51,290858.7827
"23759",149,176,290885.7463
"23762",23,167,290896.2465
"23775",26,175,290983.9505
"23809",149,212,291270.6931
"23825",172,196,291409.1875
"23836",21,192,291464.4673
"23846",43,175,291514.2426
"23853",22,168,291601.6871
"23873",153,392,291807.009
"23876",31,211,291827.072
"23927",54,148,292205.5273
"23935",55,394,292279.3942
"23946",43,50,292368.1203
"23964",23,168,292584.3961
"23996",28,203,292824.1352
"24014",21,51,292924.7151
"24029",32,179,293028.6932
"24033",25,191,293065.6447
"24036",150,176,293072.9194
"24056",150,174,293168.1859
"24090",171,212,293456.609
"24108",29,54,293572.1707
"24114",148,168,293598.3762
"24117",27,203,293651.5844
"24120",29,191,293660.9365
"24145",42,43,293859.3743
"24148",152,196,293884.1411
"24182",32,178,294189.4489
"24245",61,152,294668.1703
"24273",166,204,294866.2185
"24316",173,175,295117.6211
"24326",23,171,295181.9696
"24362",159,204,295407.3744
"24374",196,398,295525.7883
"24382",28,192,295574.797
"24395",176,398,295673.1046
"24433",29,177,295946.7658
"24446",50,172,296010.9157
"24463",148,167,296138.0431
"24473",22,177,296229.2979
"24487",21,52,296402.7239
"24492",32,177,296437.3397
"24497",61,392,296476.2163
"24534",22,203,296750.3317
"24566",59,203,296977.9583
"24595",161,204,297216.5181
"24658",25,52,297733.9385
"24700",153,196,297974.0355
"24712",393,403,298053.3232
"24739",22,174,298237.5682
"24746",149,194,298298.4698
"24774",175,394,298488.7013
"24857",167,191,299021.2241
"24860",27,192,299044.5268
"24889",174,191,299271.0803
"24937",153,173,299607.6319
"24943",161,195,299635.3649
"24962",25,177,299784.7697
"24994",24,211,300020.2177
"24999",55,392,300043.1783
"25020",24,175,300168.034
"25034",153,204,300234.1899
"25037",179,196,300260.3845
"25059",149,173,300477.2501
"25075",152,204,300608.1554
"25080",59,398,300639.1725
"25083",22,52,300681.6904
"25085",32,191,300704.6783
"25097",31,59,300778.2118
"25140",21,167,301067.5877
"25165",31,203,301223.5049
"25175",155,173,301313.4534
"25177",22,51,301333.2181
"25180",23,211,301347.4872
"25202",25,51,301539.0165
"25243",28,43,301864.6331
"25295",43,151,302351.1768
"25310",395,403,302477.1146
"25326",59,190,302595.6783
"25331",42,212,302615.748
"25365",148,171,302833.4952
"25370",30,52,302894.6797
"25385",149,172,303010.5134
"25388",151,193,303035.9685
"25390",171,208,303057.0283
"25403",23,54,303154.2917
"25412",21,171,303256.6017
"25465",159,193,303766.2675
"25489",24,172,303985.9771
"25516",61,153,304123.6613
"25519",24,173,304151.2709
"25594",164,176,304616.227
"25656",42,55,305015.1603
"25658",208,398,305031.172
"25672",173,177,305164.5644
"25673",153,172,305170.2632
"25723",23,174,305441.336
"25742",30,178,305539.3126
"25746",150,392,305578.3806
"25750",55,149,305589.0849
"25759",174,194,305652.3878
"25768",41,194,305719.3835
"25775",165,204,305827.3059
"25803",23,392,306020.3674
"25804",21,168,306024.736
"25813",43,152,306046.1604
"25818",166,203,306059.4272
"25832",59,155,306170.0489
"25874",25,203,306472.7956
"25876",59,170,306476.4753
"25900",392,403,306639.3629
"25908",212,394,306667.1253
"25916",150,212,306710.8225
"25964",192,394,307055.826
"25983",23,175,307156.525
"25996",155,392,307239.3146
"26079",167,178,307988.8819
"26086",174,211,308036.6265
"26100",169,208,308082.0485
"26108",150,194,308127.888
"26135",33,163,308313.2454
"26155",28,175,308461.1508
"26164",22,192,308516.2587
"26186",159,195,308651.0173
"26187",166,179,308655.1881
"26199",171,177,308711.1352
"26212",54,395,308814.8413
"26213",61,394,308821.0917
"26232",43,177,308944.3423
"26235",155,172,308990.2715
"26297",33,148,309414.767
"26327",148,174,309629.8672
"26350",172,175,309792.3141
"26394",174,178,310104.6827
"26398",169,211,310133.6111
"26410",43,194,310218.7581
"26446",33,150,310493.1576
"26456",171,175,310543.5133
"26473",33,158,310645.1247
"26476",168,203,310655.8707
"26514",21,392,310891.5602
"26522",169,196,310947.2249
"26547",167,211,311111.7459
"26555",31,194,311159.331
"26577",50,393,311309.3671
"26608",170,212,311633.001
"26611",164,195,311648.3897
"26616",29,43,311682.3618
"26620",167,190,311727.3839
"26644",31,196,311892.9829
"26651",52,395,311921.7391
"26660",61,151,311996.7455
"26674",167,194,312112.1294
"26733",169,179,312500.3797
"26793",148,176,312957.2186
"26798",170,177,312979.7582
"26832",33,152,313218.5494
"26839",171,196,313245.2201
"26842",165,176,313261.0978
"26844",168,195,313267.6563
"26846",30,54,313275.4343
"26887",203,394,313607.0398
"26891",41,176,313627.4373
"26896",26,173,313634.4097
"26906",211,394,313700.3604
"26930",41,61,313909.9442
"26938",152,208,313962.3315
"26969",31,208,314207.7861
"26989",26,172,314376.8434
"26994",43,204,314415.6474
"27002",193,398,314477.5187
"27003",30,51,314486.7483
"27015",28,211,314522.4782
"27022",55,393,314562.6148
"27028",164,193,314610.8941
"27048",50,395,314786.3913
"27067",169,192,315018.3243
"27076",168,176,315095.583
"27102",29,203,315278.954
"27134",32,55,315513.6641
"27137",25,192,315523.0914
"27147",174,190,315605.5159
"27186",149,193,315876.2476
"27257",21,174,316398.1381
"27287",25,172,316642.4699
"27323",61,393,316967.8576
"27327",148,392,317001.9212
"27359",33,156,317310.4479
"27370",25,54,317387.6652
"27373",27,175,317408.7009
"27376",51,393,317420.5611
"27392",30,43,317546.9086
"27394",166,176,317551.8819
"27466",172,177,318123.6819
"27506",29,192,318478.9094
"27562",151,196,318901.2126
"27565",173,194,318916.3239
"27582",25,173,318980.9058
"27595",59,392,319111.0676
"27598",30,191,319117.0282
"27655",150,193,319498.5059
"27656",51,392,319502.771
"27689",168,179,319762.8256
"27718",50,392,319983.8295
"27740",153,208,320170.0156
"27752",42,194,320230.8162
"27803",204,398,320617.2133
"27832",30,177,320823.1396
"27837",166,195,320845.2019
"27866",27,211,321100.2393
"27885",43,155,321296.3376
"27893",32,175,321352.9834
"27921",170,175,321586.4372
"27925",168,193,321599.3705
"27960",33,43,321846.9066
"28046",169,194,322386.0023
"28100",27,43,322868.9971
"28136",59,152,323149.7296
"28197",151,195,323549.0693
"28198",21,54,323572.6167
"28202",174,204,323605.6927
"28208",22,54,323650.2993
"28247",171,191,323942.8674
"28293",21,211,324314.6038
"28304",26,212,324400.8138
"28310",43,153,324436.969
"28348",173,191,324708.1949
"28402",26,176,325122.2397
"28425",42,176,325253.6327
"28437",165,193,325323.5606
"28438",170,191,325327.091
"28453",165,195,325426.4662
"28465",174,192,325546.7487
"28496",167,192,325773.1399
"28514",195,398,325926.1625
"28543",55,150,326107.0588
"28548",166,193,326133.6923
"28605",43,211,326604.9317
"28651",170,190,326964.3296
"28756",32,192,327703.8001
"28776",173,211,327831.8761
"28845",33,154,328329.1067
"28894",170,178,328703.6353
"28968",148,212,329273.9622
"28995",169,203,329444.7588
"29035",28,55,329818.3183
"29040",21,175,329850.4075
"29056",148,194,329955.4311
"29079",32,212,330128.9396
"29111",173,204,330350.2531
"29116",151,204,330397.5836
"29123",170,208,330455.0461
"29138",28,212,330558.5516
"29154",43,191,330692.2273
"29171",24,212,330798.6501
"29207",43,149,331116.1457
"29218",29,175,331179.4822
"29227",171,178,331222.6483
"29244",33,153,331350.3331
"29248",32,61,331388.9969
"29280",179,208,331657.3044
"29315",42,61,331934.9416
"29345",59,153,332156.214
"29354",150,173,332243.6247
"29364",41,196,332300.7595
"29405",26,194,332639.0519
"29437",32,203,332844.0695
"29446",167,204,332907.435
"29468",51,395,333091.4936
"29478",171,190,333153.469
"29491",61,179,333249.6369
"29659",172,194,334468.9966
"29675",23,176,334578.7077
"29738",150,172,335040.0665
"29750",41,193,335185.4332
"29838",32,211,335835.0049
"29875",151,208,336078.5305
"29905",26,55,336304.6812
"29928",22,172,336474.5238
"30000",170,196,336926.7231
"30013",172,191,337018.8138
"30022",190,395,337059.0864
"30026",59,394,337110.5995
"30085",29,211,337520.3336
"30103",22,211,337684.2792
"30119",194,394,337823.6067
"30122",24,176,337839.4453
"30148",22,173,338003.2489
"30163",212,392,338099.3633
"30177",173,178,338244.9067
"30197",171,211,338384.1062
"30232",61,149,338716.0833
"30262",31,176,338984.9978
"30267",24,43,339016.0825
"30313",149,195,339289.8818
"30327",24,55,339370.8319
"30385",22,175,339729.8831
"30396",148,193,339773.937
"30525",25,175,340812.9834
"30551",59,151,340987.8764
"30560",171,194,341042.9646
"30600",30,203,341302.1306
"30626",25,211,341535.1841
"30646",59,393,341689.6856
"30669",172,211,341924.614
"30679",24,194,341983.9302
"30684",149,196,342034.9021
"30759",27,212,342595.4648
"30770",177,393,342664.9093
"30831",41,59,343123.528
"30988",30,192,344132.2354
"31029",23,212,344446.8108
"31055",41,208,344651.6096
"31067",167,179,344745.6562
"31068",179,395,344751.8805
"31074",196,394,344766.7609
"31082",27,55,344811.9572
"31134",23,173,345193.444
"31260",23,172,345991.154
"31268",212,393,346022.9514
"31275",170,211,346083.6358
"31281",173,190,346127.6258
"31295",150,195,346246.3755
"31296",167,203,346248.9977
"31381",31,204,346808.6878
"31391",172,204,346880.935
"31410",26,43,347104.5407
"31469",42,193,347604.492
"31492",174,203,347729.6365
"31493",43,178,347743.3881
"31496",208,392,347800.8164
"31523",178,395,347986.2484
"31577",23,194,348304.9019
"31640",55,148,348688.2954
"31649",177,392,348758.2962
"31671",208,394,348925.0248
"31686",148,173,349039.1247
"31701",42,196,349196.5486
"31744",172,178,349491.9689
"31751",177,395,349559.1913
"31780",149,204,349838.9751
"31798",29,55,349935.536
"31814",173,192,350036.4264
"31817",28,194,350065.8218
"31852",26,193,350281.8103
"31934",190,393,350921.6223
"31944",171,192,351009.0328
"31947",174,179,351033.8474
"31952",148,172,351058.8137
"31990",170,179,351379.855
"31999",41,195,351428.2587
"32057",41,204,351862.2207
"32119",29,212,352342.985
"32122",169,204,352358.8888
"32187",170,192,352884.5487
"32268",175,392,353385.0507
"32291",191,393,353565.8233
"32324",174,195,353786.0095
"32351",175,393,353932.7835
"32396",43,195,354252.1411
"32407",191,395,354338.7516
"32417",43,192,354410.5075
"32431",28,61,354492.4917
"32461",31,193,354681.6791
"32486",178,393,354838.8314
"32494",30,175,354903.1481
"32543",170,194,355245.7329
"32547",174,176,355302.6452
"32631",21,172,356057.488
"32653",21,173,356258.0056
"32655",172,190,356264.9342
"32663",28,176,356315.4224
"32706",25,43,356623.2621
"32760",33,157,356965.9562
"32795",59,179,357300.531
"32818",21,176,357515.9523
"32882",169,176,358016.0212
"32914",196,392,358331.7888
"32972",55,395,358742.4955
"32978",167,176,358771.7995
"32985",150,196,358839.8033
"33004",43,190,359009.8491
"33027",27,194,359210.8786
"33072",32,59,359524.7859
"33092",176,394,359801.9672
"33161",23,55,360267.5973
"33172",31,195,360315.0135
"33210",33,53,360647.5669
"33228",167,195,360794.4909
"33236",149,208,360845.0097
"33243",32,194,360895.7018
"33246",23,193,360922.6061
"33282",42,59,361152.0773
"33310",61,150,361329.2799
"33316",27,176,361385.0089
"33331",150,204,361467.015
"33422",174,193,362143.2193
"33426",42,208,362163.4796
"33436",43,150,362201.0504
"33449",30,211,362275.691
"33463",24,193,362355.4481
"33498",191,392,362550.6785
"33500",171,204,362563.0163
"33518",172,192,362712.9187
"33580",171,179,363196.8909
"33678",33,155,363759.8538
"33900",42,195,365262.5524
"33923",173,195,365436.8878
"33994",208,393,365919.3058
"34049",21,212,366427.6944
"34123",167,193,367053.3586
"34136",190,392,367131.074
"34159",42,204,367328.8285
"34169",148,195,367399.1738
"34193",59,149,367563.7247
"34200",178,392,367592.0669
"34232",26,61,367847.3324
"34272",170,203,368095.7917
"34278",32,196,368194.4982
"34389",30,55,368943.8592
"34425",24,61,369151.6861
"34471",25,212,369482.4051
"34532",171,203,369963.019
"34579",61,395,370308.9904
"34641",43,176,370784.0255
"34675",169,193,370954.1489
"34677",27,61,370997.7767
"34693",21,194,371073.9809
"34736",179,393,371306.4748
"34768",43,193,371480.3952
"34834",169,195,371890.9236
"34840",22,212,371945.3026
"34857",32,208,372050.5236
"34871",196,393,372184.7744
"34937",29,194,372728.4959
"34942",175,395,372743.1519
"35018",29,61,373288.9577
"35062",22,176,373688.9765
"35080",26,195,373806.8384
"35115",173,176,373994.5048
"35125",30,212,374069.5672
"35183",26,196,374561.1471
"35184",22,43,374565.6271
"35204",173,203,374717.7923
"35216",25,55,374797.759
"35353",28,196,375902.1577
"35426",204,394,376482.4979
"35514",211,393,377082.0212
"35572",193,394,377526.6357
"35636",173,193,378038.825
"35650",212,395,378132.7225
"35695",23,43,378410.3926
"35704",28,193,378493.4587
"35802",29,176,379332.8903
"35832",25,176,379620.2953
"35875",24,196,379875.4074
"35899",211,392,380019.17
"35903",150,208,380054.5072
"35927",43,148,380248.6362
"36021",21,55,380874.9908
"36075",22,55,381200.7971
"36077",192,393,381216.8656
"36093",172,195,381314.1603
"36106",192,395,381403.5571
"36110",22,194,381433.5144
"36119",148,196,381467.5424
"36146",32,176,381604.2802
"36206",170,204,382015.152
"36223",43,203,382166.432
"36275",25,194,382666.7071
"36389",148,204,383560.9643
"36397",28,59,383637.0028
"36408",61,148,383692.2423
"36439",26,204,383874.5797
"36444",21,193,383897.6765
"36504",24,195,384364.6935
"36506",173,179,384381.0032
"36531",27,193,384576.1379
"36567",194,392,384884.0076
"36750",171,176,386208.3308
"36779",195,394,386386.928
"36797",172,203,386478.2012
"36815",203,395,386603.1194
"36890",28,208,387172.6904
"36892",23,195,387204.2863
"37067",172,176,388421.7876
"37079",194,393,388511.3838
"37084",211,395,388544.2263
"37163",27,196,389271.8622
"37232",59,150,389822.0964
"37246",171,195,389886.291
"37257",192,392,389928.7735
"37319",30,61,390320.4034
"37397",21,43,390925.2848
"37560",24,204,392105.5771
"37575",26,208,392184.6645
"37680",172,179,392928.027
"37686",179,392,392987.1181
"37707",172,193,393122.5134
"37761",23,61,393478.8006
"37827",170,176,394064.9214
"37867",203,393,394358.9924
"37973",171,193,395264.5267
"38005",28,195,395554.5387
"38042",23,196,395803.9057
"38050",24,208,395853.0765
"38113",28,204,396277.2694
"38114",30,194,396278.0117
"38206",26,59,396891.1281
"38232",29,196,397007.8034
"38302",59,395,397479.9554
"38390",24,59,398318.6046
"38487",22,193,399054.654
"38604",32,193,399815.8378
"38613",32,204,399895.2302
"38661",27,59,400198.0382
"38794",23,204,401063.2802
"38846",43,179,401415.6054
"38862",29,193,401507.1014
"38924",27,208,402023.3146
"38936",33,403,402105.8345
"38969",29,59,402341.629
"38974",25,61,402366.032
"39016",148,208,402704.4807
"39040",33,54,402896.7049
"39142",27,195,403628.1061
"39199",25,193,404045.0536
"39272",30,176,404554.4637
"39284",170,195,404660.704
"39431",170,193,405871.2488
"39460",378,399,406065.97
"39557",203,392,406793.7607
"39575",27,204,406941.286
"39619",29,208,407331.4069
"39631",204,392,407437.1363
"39904",32,195,409334.3079
"39924",33,52,409503.5758
"40016",21,195,410153.0275
"40110",22,61,410859.2497
"40212",194,395,411605.5305
"40301",59,148,412242.097
"40429",21,61,413216.26
"40452",196,395,413348.4556
"40554",208,395,414157.2696
"40586",33,50,414425.4617
"40692",23,208,415321.6239
"40824",204,393,416568.4454
"40937",21,196,417467.8804
"40943",25,196,417495.0795
"40947",30,196,417500.8746
"41075",29,195,418392.8436
"41098",29,204,418524.986
"41187",30,59,419180.6137
"41481",22,196,421391.0508
"41595",23,59,422339.4404
"41654",22,195,422756.1368
"41777",21,204,423650.0886
"41942",176,393,424959.4239
"42039",25,195,425589.8299
"42153",30,208,426301.2364
"42164",30,193,426384.6918
"42356",176,392,427977.8152
"42852",25,59,431584.7784
"42871",25,208,431768.2561
"42891",193,404,431947.4191
"42903",33,51,432031.6074
"42908",25,204,432062.3008
"42944",22,204,432346.6384
"43161",195,392,433921.9817
"43265",176,395,434669.3023
"43303",33,190,434909.2021
"43460",21,208,436312.0299
"43545",195,404,436865.7793
"43667",22,208,437654.6317
"43696",193,393,437808.6123
"43721",195,393,437994.8799
"43733",193,392,438075.2414
"43843",33,179,438926.7135
"44017",22,59,440038.8935
"44143",30,204,441090.7978
"44289",21,59,442193.2503
"44323",30,195,442429.0267
"44757",176,404,445766.3478
"44901",33,178,446916.4417
"45111",204,395,448514.8024
"45206",33,177,449171.5676
"45288",33,55,449803.4571
"45605",193,395,452310.7164
"45775",176,378,453624.2644
"45821",33,191,453891.054
"46114",203,378,456284.2537
"46149",33,61,456476.3111
"46226",193,378,457117.8524
"46636",195,395,460435.1769
"48070",33,175,471401.0599
"48250",204,404,472926.4776
"48383",33,212,473877.1336
"48573",192,378,475300.4907
"49285",33,192,480887.0451
"49421",33,59,482152.16
"49790",194,404,485040.8449
"49815",195,378,485221.1556
"49822",33,203,485250.5651
"50163",33,211,488004.1282
"50213",179,378,488358.5253
"50221",195,399,488440.051
"50811",211,404,493185.4434
"51033",193,399,494888.5718
"51124",178,378,495578.9341
"51357",211,378,497307.467
"51530",192,404,498636.9786
"51577",190,378,499031.6332
"51653",203,404,499611.7913
"51952",191,378,501942.9512
"52151",33,208,503471.7514
"52475",33,196,506025.5566
"52933",33,194,509678.2734
"53286",204,399,512415.643
"53549",176,399,514675.98
"53748",175,404,516279.878
"54117",177,378,519265.7057
"54184",194,378,519821.3577
"54837",191,404,525258.5158
"55414",177,404,530276.1162
"55685",175,378,532602.5376
"55785",196,404,533487.8244
"55871",33,176,534258.934
"56006",178,404,535390.0563
"56099",212,404,536019.9284
"56256",204,378,537310.2361
"56328",194,399,537927.9111
"57065",50,378,544207.6481
"57104",33,204,544603.2121
"57896",33,193,551639.7459
"57989",51,404,552311.7853
"58058",190,404,553003.9573
"58302",51,378,555111.9968
"58582",378,403,557447.8701
"58735",33,195,558762.9907
"58777",211,399,559054.4656
"59021",208,404,561171.9239
"59396",50,404,564589.5081
"59573",196,399,566460.9916
"59625",155,378,566824.5721
"59964",179,404,569911.6655
"60487",175,399,574799.4225
"60543",192,399,575247.202
"60705",212,378,576802.169
"60736",403,404,577083.8703
"61187",212,399,581454.3115
"61274",52,404,582212.1813
"61427",203,399,583692.0371
"61765",55,404,586914.1837
"61800",208,399,587268.826
"62378",52,378,592593.6209
"62757",153,378,596239.1566
"63066",196,378,599327.2707
"63079",177,399,599427.2956
"63118",191,399,599770.1564
"63857",59,404,606761.3092
"63903",54,404,607155.0095
"64081",154,378,609020.1667
"64136",157,378,609564.2573
"64432",61,404,612519.6893
"64565",51,399,613949.4533
"64691",152,378,615166.4654
"64721",178,399,615552.2614
"65252",150,378,621721.5988
"65416",53,378,623492.6867
"65438",55,399,623784.4633
"65456",155,404,623958.8349
"65526",157,404,624556.1378
"65714",53,404,626804.3913
"65909",148,378,628843.4166
"65948",59,399,629246.3587
"66261",54,378,632477.222
"66500",50,399,635124.9184
"66555",208,378,635649.231
"66699",55,378,637086.4549
"66717",190,399,637261.459
"66808",52,399,638374.6128
"66817",156,378,638476.5206
"67044",61,399,640974.6463
"67066",149,378,641200.1643
"67549",399,403,646489.1265
"67722",151,378,648493.6482
"68001",154,404,652190.2926
"68142",23,378,653663.4703
"68236",54,399,654771.7516
"68613",160,378,659484.7029
"68638",158,378,659709.5115
"68884",153,404,662474.5042
"68910",156,404,662755.5667
"68917",179,399,662869.595
"69115",26,378,665305.0489
"69494",161,378,669723.4013
"69554",21,378,670338.5253
"69847",158,404,674094.7747
"69931",61,378,675610.4218
"69970",152,404,675949.3706
"70422",59,378,681758.9455
"70593",24,378,684034.9989
"70782",53,399,686219.0439
"70927",163,378,688173.2004
"71010",157,399,689129.5428
"71012",163,404,689159.0308
"71146",160,404,690811.6031
"71453",41,378,694880.1358
"71658",42,378,697596.8852
"71775",378,398,699133.1398
"71846",162,378,700161.071
"71873",22,378,700577.0927
"72219",155,399,705386.2579
"72403",150,404,707916.5899
"72604",161,404,710274.3334
"72737",151,404,712259.5817
"72798",159,378,713044.8223
"72992",162,404,715761.0661
"73025",149,404,716191.7544
"73228",25,378,719191.1741
"73230",27,378,719240.0829
"73480",148,404,722591.4829
"73689",28,378,725513.105
"73766",154,399,726823.3213
"73924",156,399,729180.0744
"74308",159,404,734606.1861
"74386",158,399,735752.4291
"74644",398,404,739656.5054
"74925",164,378,744116.9023
"74933",163,399,744184.665
"74999",29,378,745277.0999
"75015",153,399,745481.1558
"75045",164,404,746100.7541
"75050",165,378,746191.8075
"75134",23,404,747395.2354
"75162",26,404,747708.9397
"75324",168,404,750026.4836
"75456",41,404,752210.4562
"75635",31,378,755376.6455
"75700",152,399,756311.3012
"75729",166,404,756675.959
"75762",165,404,757270.0475
"75848",160,399,758812.7688
"75933",166,378,760140.5276
"75993",42,404,761199.5828
"76046",168,378,762003.9522
"76124",378,394,763208.5895
"76173",24,404,763818.0939
"76457",21,404,768573.2296
"76583",30,378,770627.9748
"76867",162,399,775963.1435
"77125",32,378,779896.0447
"77192",161,399,781192.9553
"77374",31,404,784741.4597
"77420",169,378,785468.347
"77536",43,404,787340.9924
"77707",174,404,790585.4752
"77791",28,404,792185.9534
"77795",151,399,792254.1239
"77819",22,404,792597.2116
"77856",27,404,793224.2874
"78033",168,399,796292.1777
"78040",150,399,796402.5971
"78048",159,399,796556.3868
"78070",167,404,797099.0608
"78168",164,399,798944.539
"78244",149,399,800272.2618
"78271",174,378,800789.8913
"78282",167,378,800962.7704
"78308",173,404,801665.5583
"78360",169,404,802806.7187
"78453",394,404,804586.5151
"78454",25,404,804595.7739
"78565",166,399,806592.3407
"78723",398,399,809351.9161
"78936",148,399,813260.1909
"78965",165,399,813707.034
"79024",29,404,814770.2287
"79188",172,404,817781.1628
"79312",43,399,820200.9453
"79484",43,378,823862.0315
"79490",173,378,823943.9884
"79502",170,378,824254.625
"79566",171,378,825655.5316
"79572",32,404,825819.0438
"79575",171,404,825879.7169
"79658",41,399,828184.9659
"79848",378,395,832447.3554
"79901",26,399,833419.6246
"80026",174,399,835997.2759
"80082",23,399,837240.5465
"80084",172,378,837268.3177
"80112",170,404,837796.4744
"80191",42,399,839310.4825
"80251",30,404,840743.9732
"80262",173,399,840914.2929
"80452",167,399,845201.0537
"80587",24,399,848018.9154
"80588",31,399,848044.1313
"80669",378,393,849634.9098
"81034",172,399,857752.348
"81101",21,399,859376.2092
"81142",169,399,860241.6907
"81291",378,392,863069.2084
"81549",392,404,869333.456
"81560",393,404,869703.3491
"81588",28,399,870449.514
"81676",394,399,872240.1889
"81746",27,399,874283.883
"81767",171,399,874793.3084
"81945",395,404,879312.1563
"81991",22,399,880441.0997
"82354",25,399,889638.3075
"82453",170,399,892318.0633
"82497",29,399,893425.4634
"82557",32,399,894653.8091
"83430",30,399,918874.3636
"83461",392,399,919530.8644
"83690",393,399,926081.1833
"83735",33,378,927284.4145
"84369",395,399,946914.0749
"85311",33,404,978939.4282
"86801",33,399,1045979.744
