"","OBJECTID","Join_Count","TARGET_FID","HUC_8","HUC_6","HUC_4","HUC_2","WSC_CODE","NAME","BASIN","SHAPE_STAr","SHAPE_STLe","FID_Hydrol","Join_Cou_1","TARGET_F_1","HUC_89","HUC_67","HUC_45","HUC_23","WSC_CODE_1","NAME_1","BASIN_1","SHAPE_ST_1","SHAPE_ST_2","FID_Road","FEATURE_TY","NAME_12","HWY_NUMBER","ROAD_CLASS","GEO_SOURCE","GEO_DATE","FEATURE__1","FEATURE__2","UPDATE_DAT","SHAPE_LENG","FID_BaseSt","LENGTH","FEATURE_CO","FEATURE__3","NAME_12_13","SOURCE","CAPTURE_DA","PS_FLOW","BF_ID","SHAPE_ST_3","center_x","center_y","FID_Base_1","LENGTH_1","FEATURE__4","FEATURE__5","NAME_12_14","SOURCE_1","CAPTURE__1","PS_FLOW_1","BF_ID_1","SHAPE_ST_4","Shape_Le_1","Shape_Area","drainage_d"
"21",21,2161,20,"04020101","040201","0402","04","05BA","UPPER BOW RIVER","SOUTH SASKATCHEWAN",1463118070.43,228601.941196,21,1561,20,"04020101","040201","0402","04","05BA","UPPER BOW RIVER","SOUTH SASKATCHEWAN",1463118070.43,228601.941196,95422,8,NA,"1A","PRIMARY","SPTADD",2007-07-07,"SPTADD",2007-07-07,2013-03-11,3742.05949971,869952,0.01917497,"GA61900000","STR-PER",NA,"FEDADD",1994-01-01,"P",240509,0.01917496995,420038.445227,5699796.37027,2318,0.00317123,"GE15870100","FLOW-ARB-MANUAL",NA,NA,1994-01-01,"P",263918,0.00317123215,1042466.36694,1463118071.72,0.000712496405512
"22",22,1266,21,"04020201","040202","0402","04","05BB","BREWSTER CREEK","SOUTH SASKATCHEWAN",755611618.514,175446.933427,22,783,21,"04020201","040202","0402","04","05BB","BREWSTER CREEK","SOUTH SASKATCHEWAN",755611618.514,175446.933427,142957,13,NA,NA,"OTHER","SPTADD",2007-07-31,"SPTADD",2007-07-31,2016-02-08,590.10810504,589839,0.02074859,"GA61900000","STR-PER",NA,"FEDADD",1994-01-01,"P",270241,0.02074858604,449019.242952,5664890.95832,7673,0.00338991,"GA61900000","STR-PER",NA,"FEDADD",1994-01-01,"P",207257,0.0033899085,568204.43722,755611618.824,0.000751979486637
"23",23,672,22,"04020301","040203","0402","04","05BC","SPRAY LAKES RIVER","SOUTH SASKATCHEWAN",781914542.401,166238.731223,23,1084,22,"04020301","040203","0402","04","05BC","SPRAY LAKES RIVER","SOUTH SASKATCHEWAN",781914542.401,166238.731223,249898,13,NA,NA,"OTHER","SPTADD",2005-05-30,"SPTADD",2005-05-30,2016-01-26,2376.23665598,710309,0.00559227,"GA61750000","STR-RECUR",NA,"20KADD",1982-09-03,"P",206582,0.00559226866,469010.648723,5638815.73702,7619,0.00795286,"GA61750000","STR-RECUR",NA,"50KADD",1993-10-04,"S",206741,0.00795284791,819693.164624,781914542.069,0.001048315539
"24",24,488,23,"04020501","040205","0402","04","05BD","CASCADE RIVER","SOUTH SASKATCHEWAN",722734396.532,181802.905902,24,702,23,"04020501","040205","0402","04","05BD","CASCADE RIVER","SOUTH SASKATCHEWAN",722734396.532,181802.905902,145353,13,NA,NA,"OTHER","SPTADD",2007-07-31,"SPTADD",2007-07-31,2016-02-02,4048.50082508,573114,0.02237184,"GA61900000","STR-PER",NA,"FEDADD",1994-01-01,"P",265025,0.02237182907,460130.771136,5685012.66643,2334,0.02728537,"GA61900000","STR-PER","Cuthead Creek","FEDADD",1994-01-01,"P",263754,0.02728537354,553095.217362,722734396.623,0.000765281436648
"25",25,11399,24,"04020401","040204","0402","04","05BE","BOW RIVER AND GHOST RESERVOIR","SOUTH SASKATCHEWAN",1203390875.85,286629.025521,25,2658,24,"04020401","040204","0402","04","05BE","BOW RIVER AND GHOST RESERVOIR","SOUTH SASKATCHEWAN",1203390875.85,286629.025521,743146,13,NA,NA,"OTHER","SPTADD",2014-09-20,"SPTADD",2014-09-20,2016-01-18,1327.46578223,840882,0.01389048,"GA28362530","RIV-MAJ-REP-PRI","Bow River",NA,1992-08-11,"P",272051,0.01389047947,501125.306275,5665623.51583,7617,0.00886851,"GA61750000","STR-RECUR",NA,"20KADD",1982-09-03,"P",206713,0.00886851079,1641291.23625,1203390876.26,0.00136388871532
"26",26,3169,25,"04020601","040206","0402","04","05BF","KANANASKIS RIVER","SOUTH SASKATCHEWAN",926104626.991,190496.34521,26,2365,25,"04020601","040206","0402","04","05BF","KANANASKIS RIVER","SOUTH SASKATCHEWAN",926104626.991,190496.34521,75687,4,NA,NA,"OTHER","SPTADD",2005-05-30,"SPTADD",2005-05-30,2016-01-26,7349.76141938,734691,0.01664946,"GA61750000","STR-RECUR",NA,"20KADD",1982-09-03,"P",212922,0.01664946107,489939.418494,5625348.42096,7615,0.00373373,"GA61750000","STR-RECUR",NA,"20KADD",1982-09-03,"P",206692,0.00373373387,1425934.38347,926104627.813,0.00153971197276
"27",27,3907,26,"04020701","040207","0402","04","05BG","GHOST RIVER","SOUTH SASKATCHEWAN",944438320.32,212184.16897,27,2342,26,"04020701","040207","0402","04","05BG","GHOST RIVER","SOUTH SASKATCHEWAN",944438320.32,212184.16897,171128,11,NA,NA,"OTHER","IRSADD",1998-05-04,"IRSADD",1998-05-04,2016-01-12,362.617737237,182607,0.00769311,"GA61700000","STR-INDEF",NA,"20KADD",1982-09-02,"P",268988,0.00769310511,491623.316187,5682230.27343,2383,0.0011778,"GA61700000","STR-INDEF",NA,"20KADD",1982-09-02,"P",264145,0.00117779764,1385356.19187,944438320.092,0.00146685724457
"28",28,13652,27,"04021001","040210","0402","04","05BJ","ELBOW RIVER","SOUTH SASKATCHEWAN",1231105140.66,287436.210344,28,3983,27,"04021001","040210","0402","04","05BJ","ELBOW RIVER","SOUTH SASKATCHEWAN",1231105140.66,287436.210344,98112,9,NA,NA,"URBAN","20KADD",1982-09-02,"SPTADD",2013-08-24,2015-02-23,1659.66218674,869266,0.01782491,"GA61700000","STR-INDEF",NA,"20KADD",1982-09-02,"P",274113,0.01782490758,522258.675251,5635589.05747,7652,0.00795114,"GA61700000","STR-INDEF",NA,"20KADD",1982-09-03,"P",207066,0.00795113587,2093613.60365,1231105140.44,0.00170059691482
"29",29,6048,28,"04021101","040211","0402","04","05BK","FISH CREEK","SOUTH SASKATCHEWAN",451560914.807,143366.119766,29,889,28,"04021101","040211","0402","04","05BK","FISH CREEK","SOUTH SASKATCHEWAN",451560914.807,143366.119766,8604,4,NA,NA,"OTHER","20KADD",1982-09-03,"20KADD",1982-09-03,2015-03-06,725.847753489,256555,0.03908743,"GA61700000","STR-INDEF",NA,"20KADD",1982-09-03,"P",207545,0.03908745047,543535.513563,5636590.87975,7644,0.00124654,"GA20700000","DITCH",NA,"20KADD",1982-09-03,"P",207049,0.00124654006,644498.607186,451560914.395,0.00142726836323
"30",30,17369,29,"04021202","040212","0402","04","05BL","SHEEP RIVER","SOUTH SASKATCHEWAN",1595089813.36,268980.587889,30,4978,29,"04021202","040212","0402","04","05BL","SHEEP RIVER","SOUTH SASKATCHEWAN",1595089813.36,268980.587889,11937,4,NA,NA,"OTHER","SPTADD",2010-09-30,"20KADD",1981-09-12,2015-02-23,1401.82698735,847414,0.02049367,"GA61700000","STR-INDEF",NA,"20KADD",1982-09-03,"P",212242,0.02049366864,539264.547029,5613967.67459,43112,0.0020414,"GA61900000","STR-PER","Threepoint Creek","20KADD",1982-09-03,"P",215427,0.00204139042,2752283.46207,1595089814.57,0.00172547240722
"31",31,13118,30,"04021201","040212","0402","04","05BL","HIGHWOOD RIVER","SOUTH SASKATCHEWAN",2386103902.84,375773.352035,31,7099,30,"04021201","040212","0402","04","05BL","HIGHWOOD RIVER","SOUTH SASKATCHEWAN",2386103902.84,375773.352035,8457,8,NA,NA,"OTHER","20KADD",1982-09-03,"SPTADD",2010-08-08,2015-03-06,866.9157155,876173,0.00663867,"GA61750000","STR-RECUR",NA,"20KADD",1982-09-03,"P",217275,0.00663866814,541908.181354,5588013.34597,141616,0.00248789,"GA61750000","STR-RECUR",NA,"20KADD",1982-09-03,"P",222375,0.00248789885,4095857.55159,2386103901.41,0.0017165461861
"32",32,7790,31,"04020903","040209","0402","04","05BM","CROWFOOT CREEK","SOUTH SASKATCHEWAN",1464916863.42,232564.282351,32,1709,31,"04020903","040209","0402","04","05BM","CROWFOOT CREEK","SOUTH SASKATCHEWAN",1464916863.42,232564.282351,10895,4,NA,NA,"OTHER","OPHADD",2006-07-31,"OPHADD",2006-07-31,2016-04-04,830.866651201,857885,0.01864359,"GA61750000","STR-RECUR",NA,"20KADD",1981-09-12,"P",192132,0.01864359468,649806.311796,5652534.16063,1784,0.00170662,"GA28362530","RIV-MAJ-REP-PRI","Crowfoot Creek",NA,1981-09-12,"P",193162,0.00170662128,1386961.45355,1464916864.12,0.000946785095813
"33",33,4121,32,"04020902","040209","0402","04","05BM","WEST ARROWWOOD CREEK","SOUTH SASKATCHEWAN",1103268621.17,210401.506408,33,793,32,"04020902","040209","0402","04","05BM","WEST ARROWWOOD CREEK","SOUTH SASKATCHEWAN",1103268621.17,210401.506408,10573,4,NA,NA,"OTHER","OPHADD",2006-07-31,"SPTADD",2014-07-30,2015-11-11,1830.96791754,136794,0.02753428,"GA61750000","STR-RECUR",NA,"20KADD",1981-09-12,"P",195442,0.02753428096,612996.649246,5606665.50747,851,0.00564426,"GE15870100","FLOW-ARB-MANUAL",NA,NA,1981-09-12,"P",194906,0.0056442612,815584.334193,1103268621.73,0.000739243660274
"41",41,2026,40,"04020802","040208","0402","04","05BH","JUMPINGPOUND CREEK","SOUTH SASKATCHEWAN",598089053.687,158220.071228,41,1120,40,"04020802","040208","0402","04","05BH","JUMPINGPOUND CREEK","SOUTH SASKATCHEWAN",598089053.687,158220.071228,148720,10,NA,NA,"OTHER","SPTADD",2005-05-30,"SPTADD",2013-08-24,2015-03-06,951.95203324,595351,0.03033596,"GA61700000","STR-INDEF",NA,"20KADD",1982-09-02,"P",271635,0.0303359629,518764.769169,5654132.83711,7618,0.00319494,"GA61750000","STR-RECUR",NA,"20KADD",1982-09-03,"P",206721,0.00319494038,863938.174596,598089053.525,0.00144449755351
"42",42,11122,41,"04020803","040208","0402","04","05BH","NOSE CREEK","SOUTH SASKATCHEWAN",977864406.658,171971.704632,42,961,41,"04020803","040208","0402","04","05BH","NOSE CREEK","SOUTH SASKATCHEWAN",977864406.658,171971.704632,15643,4,NA,NA,"OTHER","20KADD",1982-09-02,"20KADD",1982-09-02,2015-02-23,1146.45826475,882938,0.00842005,"GA61700000","STR-INDEF",NA,"20KADD",1982-09-02,"P",267464,0.00842006279,561962.66432,5677022.34673,2337,0.02410645,"GA61700000","STR-INDEF",NA,"20KADD",1982-09-02,"P",263816,0.0241064434,820589.353485,977864406.906,0.000839164763223
"43",43,8401,42,"04020801","040208","0402","04","05BH","BOW RIVER AND BIGHILL CREEK","SOUTH SASKATCHEWAN",468727697.384,169062.279047,43,749,42,"04020801","040208","0402","04","05BH","BOW RIVER AND BIGHILL CREEK","SOUTH SASKATCHEWAN",468727697.384,169062.279047,157719,11,NA,NA,"OTHER","SPTADD",2013-08-24,"SPTADD",2006-07-15,2015-02-23,369.52126527,187630,0.01155587,"GA28362400","LAKE-REP-PRI","Bow River",NA,1982-09-02,"P",271659,0.0115558768,546346.830025,5667618.9101,14001,0.00056863,"GA28362400","LAKE-REP-PRI",NA,NA,1982-09-02,"P",267123,0.00056862816,438182.504918,468727696.46,0.000934833824045
"50",50,3260,49,"09010102","090101","0901","09","05FA","WOLF CREEK","BATTLE",555575657.914,144102.027423,50,368,49,"09010102","090101","0901","09","05FA","WOLF CREEK","BATTLE",555575657.914,144102.027423,333439,5,NA,NA,"OTHER","REGUPD",2003-03-11,"SPTADD",2013-07-31,2015-01-28,2026.96536641,830129,0.04602661,"GA61700000","STR-INDEF",NA,"20KADD",1984-08-29,"P",304673,0.04602660709,585721.242377,5819132.99738,132048,0.00182654,"GA28362400","LAKE-REP-PRI",NA,NA,1984-08-29,"P",304667,0.00182654108,385169.400373,555575657.69,0.000693279835143
"51",51,10879,50,"09010103","090101","0901","09","05FA","PIPESTONE CREEK","BATTLE",1634992073.71,226169.676526,51,1321,50,"09010103","090101","0901","09","05FA","PIPESTONE CREEK","BATTLE",1634992073.71,226169.676526,333866,4,"Range Road  244",NA,"OTHER","REGUPD",2003-03-11,"REGUPD",2003-03-11,2014-01-21,1078.48584324,573290,0.0155166,"GA61700000","STR-INDEF",NA,"20KADD",1984-08-29,"P",299109,0.01551661059,596944.43006,5867623.54749,147090,0.0153335,"GA61750000","STR-RECUR",NA,"20KADD",1983-10-01,"P",458545,0.01533349669,1109494.62789,1634992073.48,0.000678593276315
"52",52,4747,51,"09010104","090101","0901","09","05FA","CAMROSE CREEK","BATTLE",552135041.068,134894.767002,52,694,51,"09010104","090101","0901","09","05FA","CAMROSE CREEK","BATTLE",552135041.068,134894.767002,352648,4,"Range Road  211",NA,"OTHER","SPTADD",2008-08-08,"REGUPD",2003-05-11,2017-11-17,1326.40959961,609261,0.01044492,"GA61700000","STR-INDEF",NA,"20KADD",1983-10-01,"P",457789,0.01044491012,640350.446483,5886695.51033,140211,0.01405942,"GA61700000","STR-INDEF",NA,"20KADD",1983-10-01,"P",457010,0.01405942834,467952.886776,552135041.351,0.000847533396234
"53",53,3321,52,"09010105","090101","0901","09","05FA","DRIEDMEAT CREEK","BATTLE",1222412984.56,245896.330793,53,689,52,"09010105","090101","0901","09","05FA","DRIEDMEAT CREEK","BATTLE",1222412984.56,245896.330793,341492,4,"Range Road  185",NA,"OTHER","SPTADD",2008-08-08,"REGUPD",2003-05-11,2014-01-21,1215.02244077,293262,0.03519588,"GA61700000","STR-INDEF",NA,"20KADD",1983-10-01,"P",459030,0.03519587423,669908.839634,5862532.96001,147057,0.00365586,"GA28362400","LAKE-REP-PRI",NA,NA,1983-10-01,"P",458796,0.00365585167,644082.819848,1222412983.43,0.000526894616285
"54",54,4681,53,"09020102","090201","0902","09","05FC","MEETING CREEK","BATTLE",1487622719.32,345291.016824,54,1181,53,"09020102","090201","0902","09","05FC","MEETING CREEK","BATTLE",1487622719.32,345291.016824,333732,4,NA,NA,"OTHER","SPTADD",2009-09-09,"REGUPD",2003-03-11,2014-01-21,1187.5748135,545276,0.02757987,"GA61700000","STR-INDEF",NA,"20KADD",1984-08-29,"P",307423,0.02757987123,658844.764607,5814424.08849,172698,0.00536563,"GE15870100","FLOW-ARB-MANUAL",NA,NA,1984-08-29,"P",300881,0.00536562701,912665.799095,1487622720.29,0.000613506224828
"55",55,7495,54,"09020202","090202","0902","09","05FB","IRON CREEK","BATTLE",3588231105.3,371771.216904,55,2420,54,"09020202","090202","0902","09","05FB","IRON CREEK","BATTLE",3588231105.3,371771.216904,340329,4,"Range Road 145",NA,"OTHER","REGUPD",2003-05-11,"REGUPD",2003-05-11,2014-02-11,1286.67339253,293355,0.0309811,"GA61750000","STR-RECUR","Iron Creek","20KADD",1983-10-01,"P",459995,0.03098109338,715035.757993,5849104.01971,8,0.0122022,"GA61700000","STR-INDEF",NA,"20KADD",1982-06-01,"P",84493,0.01220220371,1743542.55719,3588231108.57,0.000485905869615
"59",59,2558,58,"09020201","090202","0902","09","05FB","BATTLE RIVER AND GRATTAN CREEK","BATTLE",1639636059.78,403268.637202,59,1318,58,"09020201","090202","0902","09","05FB","BATTLE RIVER AND GRATTAN CREEK","BATTLE",1639636059.78,403268.637202,357095,4,NA,NA,"OTHER","REGUPD",2003-03-11,"REGUPD",2003-03-11,2013-12-12,2030.93691933,643130,0.02128173,"GA61700000","STR-INDEF",NA,"20KADD",1982-06-01,"P",84202,0.02128172398,745999.626468,5857780.01579,3,0.00226664,"GA61750000","STR-RECUR",NA,"20KADD",1982-06-01,"P",84435,0.00226664302,627121.618817,1639636056.38,0.000382476108875
"61",61,14091,60,"09020101","090201","0902","09","05FC","MIDDLE BATTLE RIVER","BATTLE",3131239717.42,513295.083984,61,5404,60,"09020101","090201","0902","09","05FC","MIDDLE BATTLE RIVER","BATTLE",3131239717.42,513295.083984,333276,4,"Range Road  191",NA,"OTHER","REGUPD",2003-03-11,"REGUPD",2003-03-11,2015-02-03,1941.30383235,317896,0.01979267,"GA61700000","STR-INDEF",NA,"20KADD",1984-08-29,"P",301300,0.01979267637,707845.705397,5806842.62543,10,0.00066147,"GA28362400","LAKE-REP-PRI",NA,NA,1982-06-01,"P",85626,0.00066147025,3289970.91514,3131239716.19,0.00105069276496
"148",148,7471,147,"08010104","080101","0801","08","05CA","JAMES RIVER","RED DEER",872392683.718,210433.241616,148,2934,147,"08010104","080101","0801","08","05CA","JAMES RIVER","RED DEER",872392683.718,210433.241616,317585,5,NA,"734","SECONDARY","20KADD",1982-09-02,"20KADD",1982-09-02,2012-07-09,891.910613633,874423,0.04677093,"GA28362530","RIV-MAJ-REP-PRI","James River",NA,1982-09-02,"P",250613,0.04677092223,492635.372793,5743430.28071,225682,0.00149682,"GA61700000","STR-INDEF",NA,"20KADD",1982-05-11,"P",243976,0.00149682003,1567835.33916,872392682.469,0.00179716699907
"149",149,420,148,"08010102","080101","0801","08","05CA","PANTHER RIVER","RED DEER",653775833.241,149465.164237,149,1047,148,"08010102","080101","0801","08","05CA","PANTHER RIVER","RED DEER",653775833.241,149465.164237,141483,13,NA,NA,"OTHER","SPTADD",2005-08-05,"SPTADD",2005-08-05,2016-01-07,963.099447835,878578,0.01726975,"GA61700000","STR-INDEF",NA,"20KADD",1982-09-02,"P",258397,0.01726974697,457973.043899,5710169.3905,2350,0.01685276,"GA61900000","STR-PER",NA,"FEDADD",1994-01-01,"P",263901,0.01685275752,678967.659273,653775833.434,0.00103853281897
"150",150,3285,149,"08010103","080101","0801","08","05CA","FALLENTIMBER CREEK","RED DEER",527986571.673,179087.686571,150,1420,149,"08010103","080101","0801","08","05CA","FALLENTIMBER CREEK","RED DEER",527986571.673,179087.686571,81700,5,NA,NA,"OTHER","20KADD",1982-09-02,"20KADD",1982-09-02,2016-01-12,707.519776163,411056,0.00853972,"GA61700000","STR-INDEF",NA,"20KADD",1982-09-02,"P",260894,0.00853971687,507197.364224,5713042.3037,2340,0.00896135,"GA61750000","STR-RECUR",NA,"20KADD",1982-09-02,"P",263881,0.00896135254,832440.708965,527986571.806,0.00157663234903
"151",151,17951,150,"08010101","080101","0801","08","05CA","UPPER RED DEER RIVER","RED DEER",2413788748.23,465045.717389,151,7206,150,"08010101","080101","0801","08","05CA","UPPER RED DEER RIVER","RED DEER",2413788748.23,465045.717389,146317,13,NA,NA,"OTHER","SPTADD",2005-08-06,"SPTADD",2005-08-06,2012-07-09,2091.14028255,401247,0.0103635,"GA61750000","STR-RECUR",NA,"20KADD",1982-09-02,"P",258435,0.01036350515,476537.315132,5723163.26015,2336,0.01407833,"GA61750000","STR-RECUR","Pinto Creek","20KADD",1982-09-02,"P",263785,0.01407832401,3733456.30238,2413788748.91,0.00154672040131
"152",152,22240,151,"08010203","080102","0801","08","05CB","LITTLE RED DEER RIVER","RED DEER",2581405677.72,383909.409324,152,4549,151,"08010203","080102","0801","08","05CB","LITTLE RED DEER RIVER","RED DEER",2581405677.72,383909.409324,313402,13,NA,NA,"OTHER","GPSADD",2009-09-01,"GPSADD",2009-09-01,2015-03-06,2331.96476765,819123,0.01977749,"GA61750000","STR-RECUR",NA,"20KADD",1982-09-02,"P",263173,0.01977748768,536118.776125,5716465.38011,2335,0.01185596,"GA61700000","STR-INDEF",NA,"20KADD",1982-09-02,"P",263764,0.01185595714,3147846.5546,2581405676.79,0.00121943117384
"153",153,4404,152,"08010201","080102","0801","08","05CB","RED DEER RIVER AND GLENIFFER LAKE","RED DEER",370814965.41,194982.169463,153,797,152,"08010201","080102","0801","08","05CB","RED DEER RIVER AND GLENIFFER LAKE","RED DEER",370814965.41,194982.169463,813073,8,NA,NA,"OTHER","OPHADD",2006-05-12,"OPHADD",2006-05-12,2015-02-23,847.568578195,864084,0.01799595,"GA20700000","DITCH",NA,"20KADD",1984-08-29,"P",326820,0.017995949,536272.420395,5752776.16107,226546,0.00555953,"GE15870100","FLOW-ARB-MANUAL",NA,NA,1982-05-11,"P",242972,0.00555952365,401341.364698,370814966.197,0.00108232245536
"154",154,5037,153,"08010202","080102","0801","08","05CB","RAVEN RIVER","RED DEER",774426439.617,193847.596541,154,837,153,"08010202","080102","0801","08","05CB","RAVEN RIVER","RED DEER",774426439.617,193847.596541,319383,11,NA,NA,"OTHER","SPTADD",2015-05-24,"SPTADD",2015-05-24,2017-08-02,1465.96784358,872035,0.02385211,"GA61700000","STR-INDEF",NA,"20KADD",1982-09-02,"P",244404,0.02385211085,520082.583379,5766399.77251,226431,0.00817109,"GA61750000","STR-RECUR",NA,"20KADD",1982-05-11,"P",242003,0.00817109366,635197.844155,774426440.254,0.00082021714541
"155",155,12647,154,"08010301","080103","0801","08","05CC","RED DEER RIVER AND SYLVAN LAKE","RED DEER",1230838377.23,238653.303215,155,1259,154,"08010301","080103","0801","08","05CC","RED DEER RIVER AND SYLVAN LAKE","RED DEER",1230838377.23,238653.303215,208954,11,NA,NA,"OTHER","SPTADD",2013-08-24,"OPHADD",2005-10-09,2015-02-23,484.377039085,775292,0.01783463,"GA61700000","STR-INDEF",NA,"20KADD",1982-05-11,"P",243670,0.01783463007,573593.769229,5777719.39187,117403,0.0002084,"GA61750000","STR-RECUR",NA,"20KADD",1984-08-29,"P",308136,0.00020840116,996600.27872,1230838377.06,0.000809692236849
"156",156,17883,155,"08010302","080103","0801","08","05CC","MEDICINE RIVER","RED DEER",2768996078.64,347725.507004,156,2484,155,"08010302","080103","0801","08","05CC","MEDICINE RIVER","RED DEER",2768996078.64,347725.507004,94216,8,"Township Road  412",NA,"OTHER","20KADD",1984-08-29,"20KADD",1984-08-29,2017-04-03,804.698293386,239010,0.01518925,"GA61700000","STR-INDEF",NA,"20KADD",1984-08-29,"P",316918,0.01518924846,533592.45823,5804764.06158,197909,0.00194042,"GA20700000","DITCH",NA,"20KADD",1984-08-29,"P",319633,0.00194042543,2205895.39613,2768996075.97,0.000796640853078
"157",157,11820,156,"08020101","080201","0802","08","05CD","RED DEER RIVER BELOW RED DEER","RED DEER",2399304474.34,364219.008767,157,3816,156,"08020101","080201","0802","08","05CD","RED DEER RIVER BELOW RED DEER","RED DEER",2399304474.34,364219.008767,333491,4,NA,NA,"OTHER","REGUPD",2003-03-11,"REGUPD",2003-03-11,2015-01-28,1315.79187488,178080,0.01289291,"GA61750000","STR-RECUR",NA,"20KADD",1984-08-29,"P",304626,0.01289290151,622659.577043,5771888.76888,178009,0.00340697,"GA61700000","STR-INDEF",NA,"20KADD",1984-08-29,"P",304231,0.00340697593,2108768.4648,2399304474.9,0.000878908236476
"158",158,6443,157,"08020102","080201","0802","08","05CD","BUFFALO LAKE","RED DEER",2013881877.23,301265.450153,158,1024,157,"08020102","080201","0802","08","05CD","BUFFALO LAKE","RED DEER",2013881877.23,301265.450153,333752,4,"Range Road 250",NA,"OTHER","REGUPD",2003-03-11,"REGUPD",2003-03-11,2015-01-28,1391.09676288,312714,0.00974528,"GA61750000","STR-RECUR",NA,"20KADD",1984-08-29,"P",302525,0.00974527776,630948.140338,5811695.85247,140388,0.00422327,"GA28362400","LAKE-REP-PRI",NA,NA,1984-08-29,"P",303544,0.00422327071,762387.267075,2013881876.76,0.00037856603005
"159",159,1566,158,"08020103","080201","0802","08","05CD","BIG VALLEY CREEK","RED DEER",559532663.879,173103.118697,159,310,158,"08020103","080201","0802","08","05CD","BIG VALLEY CREEK","RED DEER",559532663.879,173103.118697,452974,11,NA,NA,"OTHER","20KADD",1984-08-29,"20KADD",1984-08-29,2015-01-28,1033.64900136,363376,0.02271449,"GA61700000","STR-INDEF",NA,"20KADD",1984-08-29,"P",310085,0.02271448576,651082.839779,5764827.68163,191867,0.01580767,"GA61700000","STR-INDEF",NA,"20KADD",1984-08-29,"P",308179,0.01580767371,214287.566148,559532664.465,0.000382975972195
"160",160,5152,159,"08020201","080202","0802","08","05CE","RED DEER RIVER ABOVE ROSEBUD RIVER","RED DEER",188168169.165,90167.4829317,160,692,159,"08020201","080202","0802","08","05CE","RED DEER RIVER ABOVE ROSEBUD RIVER","RED DEER",188168169.165,90167.4829317,420966,8,NA,"9","PRIMARY","20KADD",1981-09-18,"20KADD",1981-09-18,2015-01-28,1522.73449423,624115,0.0066137,"GA61750000","STR-RECUR",NA,"20KADD",1981-09-18,"P",288902,0.00661370835,654591.96125,5704038.70052,245907,0.00138264,"GA28363530","RIV-MAJ-REP-SEC",NA,NA,1981-09-18,"P",288606,0.00138263657,282045.166749,188168169.193,0.00149889945764
"161",161,16717,160,"08020202","080202","0802","08","05CE","THREEHILLS CREEK","RED DEER",2206591410.35,254247.200308,161,3895,160,"08020202","080202","0802","08","05CE","THREEHILLS CREEK","RED DEER",2206591410.35,254247.200308,333833,5,NA,NA,"OTHER","REGUPD",2003-03-11,"SPTADD",2013-07-31,2015-01-28,1238.94104328,779450,0.02264892,"GA61700000","STR-INDEF",NA,"20KADD",1984-08-29,"P",309798,0.02264891873,614389.011341,5742573.76165,191864,0.00277616,"GA61750000","STR-RECUR",NA,"20KADD",1984-08-29,"P",308234,0.00277615841,2641165.17254,2206591411.82,0.00119694346601
"162",162,14628,161,"08020203","080202","0802","08","05CE","KNEEHILLS CREEK","RED DEER",2453624840.49,318782.347828,162,3300,161,"08020203","080202","0802","08","05CE","KNEEHILLS CREEK","RED DEER",2453624840.49,318782.347828,261340,11,NA,NA,"OTHER","SPTADD",2008-02-09,"SPTADD",2008-02-09,2015-03-06,501.73375156,347897,0.03453628,"GA61700000","STR-INDEF",NA,"20KADD",1982-05-11,"P",249476,0.03453628605,596489.430829,5721179.44533,209191,0.00022716,"GA61900020","STR-PER","Kneehills Creek","20KADD",1981-09-18,"P",282616,0.00022716141,2385326.96972,2453624839.04,0.000972164501993
"163",163,4471,162,"08020204","080202","0802","08","05CE","MICHICHI CREEK","RED DEER",1164200707.6,195041.342639,163,1608,162,"08020204","080202","0802","08","05CE","MICHICHI CREEK","RED DEER",1164200707.6,195041.342639,336822,4,NA,NA,"OTHER","SPTADD",2009-09-09,"20KADD",1981-09-18,2015-01-28,807.939439781,802047,0.01214971,"GA61700000","STR-INDEF",NA,"20KADD",1981-09-18,"P",284562,0.01214971274,663603.331915,5724744.96903,226791,0.00850562,"GA20700000","DITCH",NA,"20KADD",1981-09-18,"P",277842,0.00850561907,1087840.26405,1164200708.05,0.000934409553713
"164",164,5806,163,"08040101","080401","0804","08","05CF","DOWLING AND SULLIVAN LAKES","RED DEER",3143356249.73,329950.470231,164,2612,163,"08040101","080401","0804","08","05CF","DOWLING AND SULLIVAN LAKES","RED DEER",3143356249.73,329950.470231,333475,4,NA,NA,"OTHER","REGUPD",2003-03-11,"REGUPD",2003-03-11,2015-01-28,1527.16695892,849750,0.01015892,"GA61700000","STR-INDEF",NA,"20KADD",1984-08-29,"P",307824,0.01015891601,690621.016894,5757535.78468,24123,0.00550187,"GA61750000","STR-RECUR",NA,"20KADD",1982-05-02,"P",63838,0.00550186782,2029951.87686,3143356248.5,0.000645791223262
"165",165,4421,164,"08030102","080301","0803","08","05CG","BULLPOUND CREEK","RED DEER",1298060590.67,240158.81902,165,1855,164,"08030102","080301","0803","08","05CG","BULLPOUND CREEK","RED DEER",1298060590.67,240158.81902,335074,4,NA,NA,"OTHER","SPTADD",2013-08-21,"20KADD",1982-05-02,2014-11-29,1425.56953303,723688,0.00934775,"GA61750000","STR-RECUR",NA,"20KADD",1982-05-02,"P",70776,0.0093477438,711925.989346,5704083.71617,29925,0.0043623,"GA28362400","LAKE-REP-PRI",NA,NA,1982-05-02,"P",67033,0.00436229632,1353925.34857,1298060591.31,0.00104303709521
"166",166,4421,164,"08030101","080301","0803","08","05CG","RED DEER ABOVE BULLPOUND CREEK","RED DEER",1619720716.51,227790.769587,165,2887,165,"08030102","080301","0803","08","05CG","BULLPOUND CREEK","RED DEER",1298060590.67,240158.81902,335074,4,NA,NA,"OTHER","SPTADD",2013-08-21,"20KADD",1982-05-02,2014-11-29,1425.56953303,723688,0.00934775,"GA61750000","STR-RECUR",NA,"20KADD",1982-05-02,"P",70776,0.0093477438,711925.989346,5704083.71617,45269,0.00537502,"GA61700000","STR-INDEF",NA,"20KADD",1982-05-02,"S",72346,0.00537502198,1834982.23088,1619720716.8,0.00113290038946
"167",167,7946,166,"08030301","080303","0803","08","05CH","BERRY CREEK","RED DEER",2383726913.42,392957.86613,167,2523,166,"08030301","080303","0803","08","05CH","BERRY CREEK","RED DEER",2383726913.42,392957.86613,137016,13,NA,NA,"OTHER","SPTADD",2014-07-27,"SPTADD",2007-07-07,2017-02-10,2376.1900047,374244,0.02824334,"GA61900000","STR-PER","Berry Creek","20KADD",1981-09-18,"P",42060,0.02824334148,731315.900075,5698155.77067,3676,0.00220636,"GA61900000","STR-PER","Berry Creek","20KADD",1981-09-18,"P",40688,0.00220636171,1973887.79158,2383726910.88,0.000828067922784
"168",168,1566,167,"08030303","080303","0803","08","05CH","EAST BERRY CREEK","RED DEER",919263102.823,183912.581431,168,562,167,"08030303","080303","0803","08","05CH","EAST BERRY CREEK","RED DEER",919263102.823,183912.581431,141951,13,NA,NA,"OTHER","SPTADD",2014-07-27,"SPTADD",2007-07-07,2016-03-20,920.633633712,60790,0.02865678,"GA20700000","DITCH",NA,"20KADD",1981-09-18,"P",40211,0.02865678647,750066.507978,5661392.87159,3705,0.00906871,"GA20700000","DITCH",NA,"20KADD",1981-09-18,"P",40628,0.00906870775,507664.349505,919263103.236,0.000552251414984
"169",169,722,168,"08030302","080303","0803","08","05CH","PLOVER LAKE","RED DEER",563366373.67,126382.894266,169,285,168,"08030302","080303","0803","08","05CH","PLOVER LAKE","RED DEER",563366373.67,126382.894266,369856,4,NA,NA,"OTHER","20KADD",1982-05-02,"20KADD",1982-05-02,2014-11-29,1610.00873135,195049,0.03918718,"GA61700000","STR-INDEF",NA,"20KADD",1982-05-02,"P",71214,0.03918717637,751570.590699,5710867.26784,40212,0.00268958,"GA61700000","STR-INDEF",NA,"20KADD",1982-05-02,"P",68631,0.00268958168,292231.105356,563366373.427,0.000518723017808
"170",170,11575,169,"08030202","080302","0803","08","05CJ","MATZHIWIN CREEK","RED DEER",2374629753.85,297017.013725,170,1800,169,"08030202","080302","0803","08","05CJ","MATZHIWIN CREEK","RED DEER",2374629753.85,297017.013725,1215,4,NA,NA,"OTHER","OPHADD",2007-02-15,"OPHADD",2007-02-15,2016-01-04,1351.01319812,841522,0.02480527,"GA20700000","DITCH",NA,"20KADD",1981-09-12,"P",205236,0.02480526782,690850.312198,5641335.49362,1780,0.00427906,"GA61750000","STR-RECUR",NA,"20KADD",1981-09-12,"P",193096,0.00427905918,1654242.92381,2374629754,0.000696631936418
"171",171,9506,170,"08030203","080302","0803","08","05CJ","ONETREE CREEK","RED DEER",902943241.554,205728.901117,171,989,170,"08030203","080302","0803","08","05CJ","ONETREE CREEK","RED DEER",902943241.554,205728.901117,10863,4,NA,NA,"OTHER","SPTADD",2007-07-07,"SPTADD",2007-07-07,2016-03-20,795.048534344,115063,0.00703232,"GA20700000","DITCH",NA,"20KADD",1981-09-18,"P",50401,0.00703231919,715139.1383,5610684.66258,4227,0.01962641,"GA61700000","STR-INDEF",NA,"20KADD",1981-09-18,"P",51962,0.01962640351,921322.489428,902943239.364,0.00102035482327
"172",172,8887,171,"08030201","080302","0803","08","05CJ","MIDDLE RED DEER RIVER","RED DEER",1899080339.01,427495.263904,172,4117,171,"08030201","080302","0803","08","05CJ","MIDDLE RED DEER RIVER","RED DEER",1899080339.01,427495.263904,78949,4,NA,NA,"OTHER","SPTADD",2014-07-27,"SPTADD",2007-07-07,2016-03-20,2547.49624514,87897,0.01030256,"GE15870100","FLOW-ARB-MANUAL",NA,NA,1981-09-18,"P",47363,0.01030256164,750447.404033,5631639.94079,3617,0.00018722,"GA28362530","RIV-MAJ-REP-PRI","Red Deer River",NA,1981-09-18,"P",40005,0.00018721326,1865098.79141,1899080337.91,0.000982106314398
"173",173,10116,172,"08030401","080304","0803","08","05CK","LOWER RED DEER RIVER","RED DEER",3184286872.81,544010.922347,173,5674,172,"08030401","080304","0803","08","05CK","LOWER RED DEER RIVER","RED DEER",3184286872.81,544010.922347,15397,4,NA,NA,"OTHER","20KADD",1982-04-27,"20KADD",1982-04-27,2016-03-20,1624.58163251,86100,0.02805735,"GA61700000","STR-INDEF",NA,"20KADD",1982-04-27,"P",45952,0.0280573496,804990.485548,5657054.55396,3618,0.00035838,"GA61750000","STR-RECUR",NA,"20KADD",1982-04-27,"P",40010,0.00035838928,3003563.93521,3184286865.45,0.000943245399088
"174",174,1504,173,"08030403","080304","0803","08","05CK","ALKALI CREEK","RED DEER",635414583.816,197044.95898,174,1054,173,"08030403","080304","0803","08","05CK","ALKALI CREEK","RED DEER",635414583.816,197044.95898,304213,13,NA,NA,"OTHER","SPTADD",2014-07-27,"SPTADD",2010-08-26,2016-03-20,622.329986329,374304,0.01425885,"GA61750000","STR-RECUR",NA,"20KADD",1982-04-27,"P",42532,0.01425885648,805155.251462,5674213.50984,3628,0.00190456,"GA61700000","STR-INDEF",NA,"20KADD",1982-04-27,"P",40064,0.0019045598,658235.945779,635414583.385,0.00103591570447
"175",175,2169,174,"08030402","080304","0803","08","05CK","BLOOD INDIAN CREEK","RED DEER",733950778.39,198184.343372,175,922,174,"08030402","080304","0803","08","05CK","BLOOD INDIAN CREEK","RED DEER",733950778.39,198184.343372,335063,4,NA,NA,"OTHER","SPTADD",2013-08-21,"20KADD",1982-05-02,2014-11-29,1439.52553016,366284,0.00279223,"GA61700000","STR-INDEF",NA,"20KADD",1982-05-02,"P",73201,0.00279222847,765322.073458,5672656.34385,3647,0.01217268,"GA61900000","STR-PER","Blood Indian Creek","20KADD",1981-09-18,"P",40168,0.01217267803,673784.609775,733950779.508,0.000918024244387
"176",176,17186,175,"11030102","110301","1103","11","05EB","BEVERHILL CREEK","NORTH SASKATCHEWAN",2922732513.87,349747.248252,176,2922,175,"11030102","110301","1103","11","05EB","BEVERHILL CREEK","NORTH SASKATCHEWAN",2922732513.87,349747.248252,341479,4,"Range Road  173",NA,"OTHER","SPTADD",2008-08-08,"REGUPD",2003-05-11,2013-06-24,2769.62004186,695892,0.02575001,"GA61700000","STR-INDEF",NA,"20KADD",1983-10-01,"P",455455,0.02575001029,650855.521502,5925780.60545,68556,0.00055304,"GE15870100","FLOW-ARB-MANUAL",NA,NA,1983-10-01,"P",450119,0.00055304008,2353037.01825,2922732511.91,0.000805081206941
"177",177,7280,176,"11030202","110302","1103","11","05EC","REDWATER RIVER","NORTH SASKATCHEWAN",1612982959.91,259381.887108,177,1293,176,"11030202","110302","1103","11","05EC","REDWATER RIVER","NORTH SASKATCHEWAN",1612982959.91,259381.887108,5957,4,NA,NA,"OTHER","20KADD",1991-09-26,"20KADD",1991-09-26,2012-08-29,758.851410975,78726,0.02354617,"GA61700000","STR-INDEF",NA,"20KADD",1991-09-26,"P",473236,0.02354616478,601824.840479,5988106.22021,63994,0.0007828,"GE15870100","FLOW-ARB-MANUAL",NA,NA,1991-09-26,"P",472429,0.00078279816,994620.80025,1612982961.02,0.00061663441232
"178",178,13355,177,"11020203","110202","1102","11","05DF","WHITEMUD CREEK","NORTH SASKATCHEWAN",1071549765.5,196078.31058,178,831,177,"11020203","110202","1102","11","05DF","WHITEMUD CREEK","NORTH SASKATCHEWAN",1071549765.5,196078.31058,343687,4,NA,NA,"OTHER","REGUPD",2003-05-11,"REGUPD",2003-05-11,2013-04-01,552.971928627,305151,0.01002838,"GA61700000","STR-INDEF",NA,"20KADD",1983-10-01,"P",457614,0.01002837739,603140.179423,5902938.93925,117413,0.02066302,"GA61900000","STR-PER","Whitemud Creek","20KADD",1983-10-01,"P",455342,0.02066302787,809238.423438,1071549764.86,0.00075520377119
"179",179,6187,178,"11020202","110202","1102","11","05DF","STRAWBERRY CREEK","NORTH SASKATCHEWAN",601116831.932,138417.292308,179,876,178,"11020202","110202","1102","11","05DF","STRAWBERRY CREEK","NORTH SASKATCHEWAN",601116831.932,138417.292308,842770,4,NA,NA,"OTHER","SPTADD",2008-05-27,"OPHADD",2006-05-12,2017-03-24,1327.73372134,512765,0.02976407,"GA61700000","STR-INDEF",NA,"20KADD",1985-07-31,"P",440467,0.02976406753,547621.970732,5893499.22806,71496,0.00482292,"GA61700000","STR-INDEF",NA,"20KADD",1985-07-31,"P",440373,0.00482291531,781232.492791,601116832.259,0.00129963503077
"190",190,2249,189,"11020102","110201","1102","11","05DE","WOLF CREEK","NORTH SASKATCHEWAN",667030123.223,153128.184497,190,558,189,"11020102","110201","1102","11","05DE","WOLF CREEK","NORTH SASKATCHEWAN",667030123.223,153128.184497,313802,4,NA,NA,"OTHER","SPTADD",2011-05-18,"SPTADD",2005-07-01,2013-01-31,1799.01445531,320114,0.04516578,"GA61900000","STR-PER","Wolf Creek","20KADD",1984-09-02,"P",311770,0.04516577557,504195.89045,5848667.31803,98002,0.00340861,"GA61900000","STR-PER","Wolf Creek","20KADD",1985-07-31,"P",446740,0.00340860997,575122.043455,667030123.204,0.000862212999755
"191",191,11326,190,"11020103","110201","1102","11","05DE","BUCKLAKE CREEK","NORTH SASKATCHEWAN",1253986034.25,205777.365315,191,1896,190,"11020103","110201","1102","11","05DE","BUCKLAKE CREEK","NORTH SASKATCHEWAN",1253986034.25,205777.365315,872190,13,NA,NA,"OTHER","SPOT Imagery",2015-08-08,"SPOT Imagery",2015-08-08,2017-03-24,249.425144176,279728,0.02211368,"GA61900000","STR-PER","Poplar Creek","20KADD",1985-07-31,"P",447331,0.02211369658,523801.096312,5875817.50956,73387,0.00266675,"GA61900000","STR-PER",NA,"20KADD",1985-07-31,"P",442465,0.00266675109,1453769.54938,1253986034.33,0.00115931877197
"192",192,12391,191,"11020201","110202","1102","11","05DF","NORTH SASKATCHEWAN BELOW STRAWBERRY","NORTH SASKATCHEWAN",1335617285.13,267686.355067,192,1007,191,"11020201","110202","1102","11","05DF","NORTH SASKATCHEWAN BELOW STRAWBERRY","NORTH SASKATCHEWAN",1335617285.13,267686.355067,85913,5,NA,NA,"OTHER","OPHADD",2006-05-12,"OPHADD",2006-05-12,2013-04-01,1671.08179601,272538,0.01797854,"GA61700000","STR-INDEF",NA,"20KADD",1985-07-31,"P",444557,0.01797853198,576944.594155,5905201.18855,71510,0.00097853,"GA28362530","RIV-MAJ-REP-PRI",NA,NA,1985-07-31,"P",440455,0.00097852667,851620.791604,1335617285.69,0.00063762336766
"193",193,6803,192,"11020302","110203","1102","11","05EA","ATIM CREEK","NORTH SASKATCHEWAN",468640573.421,126397.230612,193,301,192,"11020302","110203","1102","11","05EA","ATIM CREEK","NORTH SASKATCHEWAN",468640573.421,126397.230612,109070,8,NA,"779","SECONDARY","20KADD",1985-07-31,"20KADD",1985-07-31,2013-04-01,1632.70125016,344248,0.0030546,"GA61700000","STR-INDEF",NA,"20KADD",1985-07-31,"P",436652,0.00305459942,567486.00549,5931193.72182,61557,0.00546563,"GE15870100","FLOW-ARB-MANUAL",NA,NA,1985-07-31,"P",436097,0.00546563288,254705.268791,468640572.712,0.000543498116941
"194",194,1138,193,"11030203","110302","1103","11","05EC","NAMEPI CREEK","NORTH SASKATCHEWAN",747489017.454,163589.034984,194,254,193,"11030203","110302","1103","11","05EC","NAMEPI CREEK","NORTH SASKATCHEWAN",747489017.454,163589.034984,24317,4,NA,NA,"OTHER","20KADD",1991-09-26,"20KADD",1991-09-26,2015-01-16,752.999464659,344394,0.01763595,"GA61700000","STR-INDEF",NA,"20KADD",1991-09-26,"P",472444,0.01763596683,624539.206651,6006314.69557,61876,0.00113422,"GA28362400","LAKE-REP-PRI","Namepi Creek",NA,1991-09-26,"P",468120,0.00113422394,246566.008858,747489017.086,0.000329859039026
"195",195,2622,194,"11030204","110302","1103","11","05EC","EGG CREEK","NORTH SASKATCHEWAN",707446827.464,191908.638427,195,507,194,"11030204","110302","1103","11","05EC","EGG CREEK","NORTH SASKATCHEWAN",707446827.464,191908.638427,340803,4,"Range Road  172",NA,"OTHER","SPTADD",2008-08-08,"REGUPD",2003-05-11,2017-09-21,1047.08286148,285210,0.01862987,"GA61700000","STR-INDEF",NA,"20KADD",1983-10-01,"P",449607,0.01862987912,669930.612186,5963042.03785,101024,0.00018308,"GA61900020","STR-PER","Egg Creek","20KADD",1983-10-01,"P",448181,0.00018308001,483442.524083,707446827.694,0.000683362346339
"196",196,2963,195,"11030205","110302","1103","11","05EC","WHITE EARTH CREEK","NORTH SASKATCHEWAN",1065870642.23,205556.323504,196,1367,195,"11030205","110302","1103","11","05EC","WHITE EARTH CREEK","NORTH SASKATCHEWAN",1065870642.23,205556.323504,9446,4,NA,NA,"OTHER","20KADD",1991-09-26,"20KADD",1991-09-26,2012-11-15,1649.55799734,75954,0.0305305,"GA61700000","STR-INDEF",NA,"20KADD",1991-09-26,"P",471479,0.03053050453,666802.493212,6012448.09305,59415,0.00214907,"GA61700000","STR-INDEF",NA,"50KADD",1991-09-27,"P",470455,0.00214907342,964286.576005,1065870641.82,0.000904693813837
"203",203,32955,202,"11020301","110203","1102","11","05EA","STURGEON RIVER","NORTH SASKATCHEWAN",2980008724.73,519938.243901,203,3556,202,"11020301","110203","1102","11","05EA","STURGEON RIVER","NORTH SASKATCHEWAN",2980008724.73,519938.243901,13347,4,"Range Road 15",NA,"OTHER","OPHADD",2007-07-07,"20KADD",1985-07-31,2013-04-01,1238.15842081,172696,0.07159988,"GA61900000","STR-PER","Sturgeon River","20KADD",1985-07-31,"P",432346,0.07159988701,563904.266066,5951955.62529,61589,0.0219074,"GA61900000","STR-PER",NA,"20KADD",1985-07-31,"P",435742,0.02190740894,2603384.3783,2980008725.45,0.000873616360941
"204",204,4916,203,"11020104","110201","1102","11","05DE","WABAMUN CREEK","NORTH SASKATCHEWAN",503930913.185,140438.220941,204,701,203,"11020104","110201","1102","11","05DE","WABAMUN CREEK","NORTH SASKATCHEWAN",503930913.185,140438.220941,873274,11,NA,NA,"OTHER","SPOT Imagery",2015-08-08,"SPOT Imagery",2015-08-08,2017-03-24,414.517970086,342338,0.0058533,"GA61750000","STR-RECUR",NA,"20KADD",1985-07-31,"P",436745,0.00585330633,530503.437201,5929124.87631,61605,0.00834729,"GA61900000","STR-PER",NA,"20KADD",1985-07-31,"P",436498,0.00834729143,448622.339202,503930913.697,0.000890245720214
"208",208,32955,202,"11020101","110201","1102","11","05DE","NORTH SASKATCHEWAN ABOVE WABAMUN","NORTH SASKATCHEWAN",2311235001.89,450480.861882,203,4425,207,"11020301","110203","1102","11","05EA","STURGEON RIVER","NORTH SASKATCHEWAN",2980008724.73,519938.243901,13347,4,"Range Road 15",NA,"OTHER","OPHADD",2007-07-07,"20KADD",1985-07-31,2013-04-01,1238.15842081,172696,0.07159988,"GA61900000","STR-PER","Sturgeon River","20KADD",1985-07-31,"P",432346,0.07159988701,563904.266066,5951955.62529,61746,0.01907228,"GA20700000","DITCH",NA,"20KADD",1985-07-31,"P",437094,0.01907228524,2527595.68055,2311235002.31,0.0010936125829
"211",211,6184,210,"11030201","110302","1103","11","05EC","NORTH SASKATCHEWAN BELOW REDWATER","NORTH SASKATCHEWAN",2185632998.35,394224.676114,211,1617,210,"11030201","110302","1103","11","05EC","NORTH SASKATCHEWAN BELOW REDWATER","NORTH SASKATCHEWAN",2185632998.35,394224.676114,2810,4,NA,NA,"OTHER","20KADD",1991-09-26,"20KADD",1991-09-26,2012-11-15,1118.00524838,501086,0.01402856,"GA61750000","STR-RECUR",NA,"20KADD",1991-09-26,"P",473268,0.01402855769,658922.368008,5990276.23347,56815,0.00489222,"GA28362400","LAKE-REP-PRI",NA,NA,1983-07-31,"P",95201,0.00489222716,1386291.63361,2185632997.21,0.000634274663396
"212",212,22809,211,"11030101","110301","1103","11","05EB","NORTH SASKATCHEWAN ABOVE BEAVERHILL","NORTH SASKATCHEWAN",1482326893.87,273918.425368,212,1252,211,"11030101","110301","1103","11","05EB","NORTH SASKATCHEWAN ABOVE BEAVERHILL","NORTH SASKATCHEWAN",1482326893.87,273918.425368,385627,10,NA,NA,"OTHER","SPTADD",1983-10-01,"SPTADD",2016-08-15,2018-01-29,429.200466317,273076,0.02056521,"GA61750000","STR-RECUR",NA,"20KADD",1983-10-01,"P",454724,0.02056520925,616722.470876,5942479.84423,76117,0.00087144,"GA28363530","RIV-MAJ-REP-SEC",NA,NA,1983-10-01,"S",451875,0.00087144123,1003947.61376,1482326892.8,0.000677278148724
"378",378,4269,377,"08030404","080304","0803","08","05CK","UNNAMED","RED DEER",1323702793.65,206848.941026,378,2227,377,"08030404","080304","0803","08","05CK","UNNAMED","RED DEER",1323702793.65,206848.941026,335206,8,NA,NA,"OTHER","20KADD",1982-05-02,"PHOADD",2011-11-11,2013-11-28,1577.26776662,780484,0.02616995,"GA61700000","STR-INDEF",NA,"20KADD",1982-05-02,"P",73920,0.02616994579,825102.234239,5677096.02848,3638,0.00323297,"GA61700000","STR-INDEF",NA,"20KADD",1982-04-27,"P",40109,0.00323296798,1283907.84431,1323702793.92,0.000969936643029
"392",392,3787,391,"04021102","040211","0402","04","05BK","PINE CREEK","SOUTH SASKATCHEWAN",205312270.197,70011.1806884,392,378,391,"04021102","040211","0402","04","05BK","PINE CREEK","SOUTH SASKATCHEWAN",205312270.197,70011.1806884,38668,4,NA,NA,"OTHER","20KADD",1982-09-03,"20KADD",1982-09-03,2015-02-23,1745.06665418,262056,0.0402063,"GA61700000","STR-INDEF",NA,"20KADD",1982-09-03,"P",210587,0.04020630035,561698.268342,5630788.84783,1782,0.00477867,"GA61750000","STR-RECUR",NA,"20KADD",1981-09-12,"P",193102,0.00477867849,276343.565116,205312270.074,0.00134596712128
"393",393,9775,392,"04021302","040213","0402","04","05BN","LOWER BOW AND TWELVE MILE COULEE","SOUTH SASKATCHEWAN",2738416863.27,277822.555407,393,1307,392,"04021302","040213","0402","04","05BN","LOWER BOW AND TWELVE MILE COULEE","SOUTH SASKATCHEWAN",2738416863.27,277822.555407,800,4,NA,NA,"OTHER","SPTADD",2007-07-07,"SPTADD",2007-07-07,2016-03-20,1202.05891985,586860,0.01820815,"GA20700000","DITCH",NA,"20KADD",1981-09-12,"P",53250,0.01820815687,749879.249079,5586553.10738,4228,0.00813293,"GA20700000","DITCH",NA,"20KADD",1981-09-18,"P",51966,0.00813293224,1243583.09089,2738416862.82,0.000454124829485
"394",394,12218,393,"04021301","040213","0402","04","05BN","LOWER BOW RIVER","SOUTH SASKATCHEWAN",2583118257.93,401065.17238,394,3448,393,"04021301","040213","0402","04","05BN","LOWER BOW RIVER","SOUTH SASKATCHEWAN",2583118257.93,401065.17238,5933,4,NA,NA,"OTHER","OPHADD",2006-07-04,"OPHADD",2006-07-04,2016-03-20,3709.38190132,250535,0.02704833,"GA08800000","CANAL",NA,"20KADD",1981-09-12,"P",61022,0.02704833798,706596.307329,5576264.68306,4283,0.00129221,"GA61700000","STR-INDEF",NA,"20KADD",1981-09-18,"P",52448,0.00129221107,2180114.27068,2583118256.45,0.00084398546804
"395",395,19513,394,"04020901","040209","0402","04","05BM,05BK","MIDDLE BOW RIVER","SOUTH SASKATCHEWAN",2958449433.25,518554.49057,395,3281,394,"04020901","040209","0402","04","05BM,05BK","MIDDLE BOW RIVER","SOUTH SASKATCHEWAN",2958449433.25,518554.49057,9382,4,NA,NA,"OTHER","OPHADD",2006-07-31,"SPTADD",2014-07-30,2015-11-11,1815.49177904,10872,0.0149121,"GA61750000","STR-RECUR",NA,"20KADD",1981-09-12,"P",195998,0.01491209809,620825.86876,5628806.32249,714,0.0028721,"GA28363530","RIV-MAJ-REP-SEC",NA,NA,1981-09-12,"P",194591,0.0028721056,2269045.99455,2958449434.35,0.000766971362838
"398",398,9716,397,"08020206","080202","0802","08","05CE","SERVICEBERRY CREEK","RED DEER",1384341087.26,270487.806115,398,1592,397,"08020206","080202","0802","08","05CE","SERVICEBERRY CREEK","RED DEER",1384341087.26,270487.806115,8491,4,NA,NA,"OTHER","20KADD",1981-09-12,"20KADD",1981-09-12,2015-01-28,710.724799454,857796,0.01967028,"GA20700000","DITCH",NA,"20KADD",1981-09-12,"P",191419,0.01967027675,604962.849509,5662798.04847,108372,0.0050937,"GA61750000","STR-RECUR",NA,"20KADD",1981-09-12,"P",191420,0.00509369695,1458644.51758,1384341085.28,0.00105367422313
"399",399,18272,398,"08020205","080202","0802","08","05CE","ROSEBUD RIVER","RED DEER",2853081747.84,468340.517061,399,3838,398,"08020205","080202","0802","08","05CE","ROSEBUD RIVER","RED DEER",2853081747.84,468340.517061,31142,8,NA,NA,"OTHER","20KADD",1982-05-11,"SPTADD",2015-02-23,2015-02-23,1055.46829364,809228,0.0207694,"GA61750000","STR-RECUR",NA,"20KADD",1982-05-11,"P",257801,0.02076940551,604926.106184,5692449.38038,142013,0.00373428,"GA61700000","STR-INDEF",NA,"20KADD",1982-05-11,"P",255303,0.00373427212,2865499.78312,2853081750.53,0.00100435249799
"403",403,11625,402,"08010303","080103","0801","08","05CC","BLINDMAN RIVER","RED DEER",1795292702.73,252642.15928,403,1501,402,"08010303","080103","0801","08","05CC","BLINDMAN RIVER","RED DEER",1795292702.73,252642.15928,4051,4,"Township Road  424A",NA,"OTHER","20KADD",1984-08-29,"20KADD",1984-08-29,2013-01-08,1445.02814807,388862,0.01761909,"GA61700000","STR-INDEF",NA,"20KADD",1984-08-29,"P",314806,0.01761908572,554367.408999,5829564.39111,134179,0.0001926,"GA28362530","RIV-MAJ-REP-PRI",NA,NA,1984-08-29,"P",305627,0.000192593,1451096.601,1795292701.62,0.000808278560756
"404",404,15440,403,"09010101","090101","0901","09","05FA","UPPER BATTLE RIVER","BATTLE",3282264493.71,612734.814561,404,2920,403,"09010101","090101","0901","09","05FA","UPPER BATTLE RIVER","BATTLE",3282264493.71,612734.814561,27512,4,"Township Road  464",NA,"OTHER","20KADD",1984-08-29,"20KADD",1984-08-29,2013-02-21,813.954042888,852726,0.01309704,"GA61700000","STR-INDEF",NA,"20KADD",1984-08-29,"P",310916,0.01309705044,603049.253864,5855753.12857,97856,0.01743653,"GA61750000","STR-RECUR",NA,"20KADD",1985-07-31,"P",445498,0.01743653201,2169803.70952,3282264497.41,0.000661069122016
